Article slug,Article URL,Media URL,First recorded batch,All batch files,CSV status,CSV provided date,Pinterest upload confirmed,Pinterest uploaded date,Last Pinterest result,Last Pinterest error,Scheduled publish dates,Last updated
100-free-floral-pictures-for-your-junk-journal,https://sentimentalica.com/blog/100-free-floral-pictures-for-your-junk-journal.html,https://sentimentalica.com/blog/img/100-free-floral-pictures-for-your-junk-journal/gen1.jpg,100-free-floral-pictures.csv,100-free-floral-pictures.csv | UPLOAD_THIS_all-other-articles_two-week-schedule.csv,Historical CSV record; handoff status unknown,,No,,,,2026-08-02 | 2026-08-19,2026-08-12
100-free-floral-pictures-for-your-junk-journal,https://sentimentalica.com/blog/100-free-floral-pictures-for-your-junk-journal.html,https://sentimentalica.com/blog/img/100-free-floral-pictures-for-your-junk-journal/page1.jpg,100-free-floral-pictures.csv,100-free-floral-pictures.csv | UPLOAD_THIS_all-other-articles_two-week-schedule.csv,Historical CSV record; handoff status unknown,,No,,,,2026-08-06 | 2026-08-19,2026-08-12
100-free-floral-pictures-for-your-junk-journal,https://sentimentalica.com/blog/100-free-floral-pictures-for-your-junk-journal.html,https://sentimentalica.com/blog/img/100-free-floral-pictures-for-your-junk-journal/page2.jpg,100-free-floral-pictures.csv,100-free-floral-pictures.csv | UPLOAD_THIS_all-other-articles_two-week-schedule.csv,Historical CSV record; handoff status unknown,,No,,,,2026-08-10 | 2026-08-19,2026-08-12
100-free-floral-pictures-for-your-junk-journal,https://sentimentalica.com/blog/100-free-floral-pictures-for-your-junk-journal.html,https://sentimentalica.com/blog/img/100-free-floral-pictures-for-your-junk-journal/page3.jpg,UPLOAD_THIS_all-other-articles_two-week-schedule.csv,UPLOAD_THIS_all-other-articles_two-week-schedule.csv,Historical CSV record; handoff status unknown,,No,,,,2026-08-19,2026-08-12
12-tiny-things-to-keep-for-your-junk-journal,https://sentimentalica.com/blog/12-tiny-things-to-keep-for-your-junk-journal.html,https://sentimentalica.com/blog/img/12-tiny-things-to-keep-for-your-junk-journal/gen1-pinterest.jpg,UPLOAD_NOW_RETRY_14-scheduling-limit_2026-08-11.csv,UPLOAD_NOW_RETRY_14-scheduling-limit_2026-08-11.csv | UPLOAD_RETRY_14-corrected-image-files_2026-08-10.csv,Historical CSV record; handoff status unknown,,No,,,,2026-08-13,2026-08-12
12-tiny-things-to-keep-for-your-junk-journal,https://sentimentalica.com/blog/12-tiny-things-to-keep-for-your-junk-journal.html,https://sentimentalica.com/blog/img/12-tiny-things-to-keep-for-your-junk-journal/gen1.jpg,UPLOAD_THIS_all-other-articles_two-week-schedule.csv,UPLOAD_THIS_all-other-articles_two-week-schedule.csv,Historical CSV record; handoff status unknown,,No,,,,2026-08-13,2026-08-12
12-tiny-things-to-keep-for-your-junk-journal,https://sentimentalica.com/blog/12-tiny-things-to-keep-for-your-junk-journal.html,https://sentimentalica.com/blog/img/12-tiny-things-to-keep-for-your-junk-journal/gen2-pinterest.jpg,UPLOAD_NOW_RETRY_14-scheduling-limit_2026-08-11.csv,UPLOAD_NOW_RETRY_14-scheduling-limit_2026-08-11.csv | UPLOAD_RETRY_14-corrected-image-files_2026-08-10.csv,Historical CSV record; handoff status unknown,,No,,,,2026-08-13,2026-08-12
12-tiny-things-to-keep-for-your-junk-journal,https://sentimentalica.com/blog/12-tiny-things-to-keep-for-your-junk-journal.html,https://sentimentalica.com/blog/img/12-tiny-things-to-keep-for-your-junk-journal/gen2.jpg,UPLOAD_THIS_all-other-articles_two-week-schedule.csv,UPLOAD_THIS_all-other-articles_two-week-schedule.csv,Historical CSV record; handoff status unknown,,No,,,,2026-08-13,2026-08-12
12-tiny-things-to-keep-for-your-junk-journal,https://sentimentalica.com/blog/12-tiny-things-to-keep-for-your-junk-journal.html,https://sentimentalica.com/blog/img/12-tiny-things-to-keep-for-your-junk-journal/gen3-pinterest.jpg,UPLOAD_NOW_RETRY_14-scheduling-limit_2026-08-11.csv,UPLOAD_NOW_RETRY_14-scheduling-limit_2026-08-11.csv | UPLOAD_RETRY_14-corrected-image-files_2026-08-10.csv,Historical CSV record; handoff status unknown,,No,,,,2026-08-13,2026-08-12
12-tiny-things-to-keep-for-your-junk-journal,https://sentimentalica.com/blog/12-tiny-things-to-keep-for-your-junk-journal.html,https://sentimentalica.com/blog/img/12-tiny-things-to-keep-for-your-junk-journal/gen3.jpg,UPLOAD_THIS_all-other-articles_two-week-schedule.csv,UPLOAD_THIS_all-other-articles_two-week-schedule.csv,Historical CSV record; handoff status unknown,,No,,,,2026-08-13,2026-08-12
7-autumn-textures-to-layer-in-a-junk-journal,https://sentimentalica.com/blog/7-autumn-textures-to-layer-in-a-junk-journal.html,https://sentimentalica.com/blog/img/7-autumn-textures-to-layer-in-a-junk-journal/gen1.png,UPLOAD_TODAY_five-seasonal-articles_2026-08-13.csv,UPLOAD_TODAY_five-seasonal-articles_2026-08-13.csv,CSV provided to Ksenia; Pinterest upload not confirmed,2026-08-13,No,,,,2026-08-13,2026-08-13
7-autumn-textures-to-layer-in-a-junk-journal,https://sentimentalica.com/blog/7-autumn-textures-to-layer-in-a-junk-journal.html,https://sentimentalica.com/blog/img/7-autumn-textures-to-layer-in-a-junk-journal/gen2.png,UPLOAD_TODAY_five-seasonal-articles_2026-08-13.csv,UPLOAD_TODAY_five-seasonal-articles_2026-08-13.csv,CSV provided to Ksenia; Pinterest upload not confirmed,2026-08-13,No,,,,2026-08-13,2026-08-13
a-cottagecore-journal-page-built-from-one-ordinary-morning,https://sentimentalica.com/blog/a-cottagecore-journal-page-built-from-one-ordinary-morning.html,https://sentimentalica.com/blog/img/a-cottagecore-journal-page-built-from-one-ordinary-morning/gen1.png,UPLOAD_THIS_latest-articles_five-day-schedule_2026-08-12.csv,UPLOAD_THIS_latest-articles_five-day-schedule_2026-08-12.csv,Pinterest upload confirmed by Ksenia,2026-08-12,Yes,2026-08-12,Accepted,,2026-08-16,2026-08-12
a-cottagecore-journal-page-built-from-one-ordinary-morning,https://sentimentalica.com/blog/a-cottagecore-journal-page-built-from-one-ordinary-morning.html,https://sentimentalica.com/blog/img/a-cottagecore-journal-page-built-from-one-ordinary-morning/gen2.png,UPLOAD_THIS_latest-articles_five-day-schedule_2026-08-12.csv,UPLOAD_RETRY_ONLY_38-duplicate-titles-fixed_2026-08-12.csv | UPLOAD_THIS_latest-articles_five-day-schedule_2026-08-12.csv,CSV provided to Ksenia; Pinterest upload not confirmed,2026-08-12,No,,Rejected,Multiples rows with the same title,2026-08-14,2026-08-12
a-cottagecore-journal-page-built-from-one-ordinary-morning,https://sentimentalica.com/blog/a-cottagecore-journal-page-built-from-one-ordinary-morning.html,https://sentimentalica.com/blog/img/a-cottagecore-journal-page-built-from-one-ordinary-morning/gen3.png,UPLOAD_THIS_latest-articles_five-day-schedule_2026-08-12.csv,UPLOAD_THIS_latest-articles_five-day-schedule_2026-08-12.csv,Pinterest upload confirmed by Ksenia,2026-08-12,Yes,2026-08-12,Accepted,,2026-08-12,2026-08-12
a-cottagecore-journal-page-built-from-one-ordinary-morning,https://sentimentalica.com/blog/a-cottagecore-journal-page-built-from-one-ordinary-morning.html,https://sentimentalica.com/blog/img/a-cottagecore-journal-page-built-from-one-ordinary-morning/lavender-letter-page.jpg,UPLOAD_THIS_latest-articles_five-day-schedule_2026-08-12.csv,UPLOAD_RETRY_ONLY_38-duplicate-titles-fixed_2026-08-12.csv | UPLOAD_THIS_latest-articles_five-day-schedule_2026-08-12.csv,CSV provided to Ksenia; Pinterest upload not confirmed,2026-08-12,No,,Rejected,Multiples rows with the same title,2026-08-13,2026-08-12
a-cottagecore-journal-page-built-from-one-ordinary-morning,https://sentimentalica.com/blog/a-cottagecore-journal-page-built-from-one-ordinary-morning.html,https://sentimentalica.com/blog/img/a-cottagecore-journal-page-built-from-one-ordinary-morning/lavender-tags-page.jpg,UPLOAD_THIS_latest-articles_five-day-schedule_2026-08-12.csv,UPLOAD_RETRY_ONLY_38-duplicate-titles-fixed_2026-08-12.csv | UPLOAD_THIS_latest-articles_five-day-schedule_2026-08-12.csv,CSV provided to Ksenia; Pinterest upload not confirmed,2026-08-12,No,,Rejected,Multiples rows with the same title,2026-08-14,2026-08-12
a-cottagecore-journal-page-built-from-one-ordinary-morning,https://sentimentalica.com/blog/a-cottagecore-journal-page-built-from-one-ordinary-morning.html,https://sentimentalica.com/blog/img/a-cottagecore-journal-page-built-from-one-ordinary-morning/lavender-wreath-page.jpg,UPLOAD_THIS_latest-articles_five-day-schedule_2026-08-12.csv,UPLOAD_THIS_latest-articles_five-day-schedule_2026-08-12.csv,Pinterest upload confirmed by Ksenia,2026-08-12,Yes,2026-08-12,Accepted,,2026-08-16,2026-08-12
a-cottagecore-journal-page-built-from-one-ordinary-morning,https://sentimentalica.com/blog/a-cottagecore-journal-page-built-from-one-ordinary-morning.html,https://sentimentalica.com/blog/img/a-cottagecore-journal-page-built-from-one-ordinary-morning/palette-bottles-and-bloom.jpg,UPLOAD_THIS_latest-articles_five-day-schedule_2026-08-12.csv,UPLOAD_RETRY_ONLY_38-duplicate-titles-fixed_2026-08-12.csv | UPLOAD_THIS_latest-articles_five-day-schedule_2026-08-12.csv,CSV provided to Ksenia; Pinterest upload not confirmed,2026-08-12,No,,Rejected,Multiples rows with the same title,2026-08-15,2026-08-12
a-cottagecore-journal-page-built-from-one-ordinary-morning,https://sentimentalica.com/blog/a-cottagecore-journal-page-built-from-one-ordinary-morning.html,https://sentimentalica.com/blog/img/a-cottagecore-journal-page-built-from-one-ordinary-morning/palette-lavender-field.jpg,UPLOAD_THIS_latest-articles_five-day-schedule_2026-08-12.csv,UPLOAD_RETRY_ONLY_38-duplicate-titles-fixed_2026-08-12.csv | UPLOAD_THIS_latest-articles_five-day-schedule_2026-08-12.csv,CSV provided to Ksenia; Pinterest upload not confirmed,2026-08-12,No,,Rejected,Multiples rows with the same title,2026-08-16,2026-08-12
a-cottagecore-journal-page-built-from-one-ordinary-morning,https://sentimentalica.com/blog/a-cottagecore-journal-page-built-from-one-ordinary-morning.html,https://sentimentalica.com/blog/img/a-cottagecore-journal-page-built-from-one-ordinary-morning/palette-lavender-tags.jpg,UPLOAD_THIS_latest-articles_five-day-schedule_2026-08-12.csv,UPLOAD_THIS_latest-articles_five-day-schedule_2026-08-12.csv,Pinterest upload confirmed by Ksenia,2026-08-12,Yes,2026-08-12,Accepted,,2026-08-16,2026-08-12
a-dark-academia-lock-screen-that-is-moody-not-muddy,https://sentimentalica.com/blog/a-dark-academia-lock-screen-that-is-moody-not-muddy.html,https://sentimentalica.com/blog/img/a-dark-academia-lock-screen-that-is-moody-not-muddy/gen1.png,UPLOAD_THIS_latest-articles_five-day-schedule_2026-08-12.csv,UPLOAD_THIS_latest-articles_five-day-schedule_2026-08-12.csv,Pinterest upload confirmed by Ksenia,2026-08-12,Yes,2026-08-12,Accepted,,2026-08-16,2026-08-12
a-dark-academia-lock-screen-that-is-moody-not-muddy,https://sentimentalica.com/blog/a-dark-academia-lock-screen-that-is-moody-not-muddy.html,https://sentimentalica.com/blog/img/a-dark-academia-lock-screen-that-is-moody-not-muddy/gen2.png,UPLOAD_THIS_latest-articles_five-day-schedule_2026-08-12.csv,UPLOAD_THIS_latest-articles_five-day-schedule_2026-08-12.csv,Pinterest upload confirmed by Ksenia,2026-08-12,Yes,2026-08-12,Accepted,,2026-08-16,2026-08-12
a-dark-academia-lock-screen-that-is-moody-not-muddy,https://sentimentalica.com/blog/a-dark-academia-lock-screen-that-is-moody-not-muddy.html,https://sentimentalica.com/blog/img/a-dark-academia-lock-screen-that-is-moody-not-muddy/gen3.png,UPLOAD_THIS_latest-articles_five-day-schedule_2026-08-12.csv,UPLOAD_THIS_latest-articles_five-day-schedule_2026-08-12.csv,Pinterest upload confirmed by Ksenia,2026-08-12,Yes,2026-08-12,Accepted,,2026-08-13,2026-08-12
a-dark-academia-lock-screen-that-is-moody-not-muddy,https://sentimentalica.com/blog/a-dark-academia-lock-screen-that-is-moody-not-muddy.html,https://sentimentalica.com/blog/img/a-dark-academia-lock-screen-that-is-moody-not-muddy/page1.jpg,UPLOAD_THIS_latest-articles_five-day-schedule_2026-08-12.csv,UPLOAD_THIS_latest-articles_five-day-schedule_2026-08-12.csv,Pinterest upload confirmed by Ksenia,2026-08-12,Yes,2026-08-12,Accepted,,2026-08-15,2026-08-12
a-dark-academia-lock-screen-that-is-moody-not-muddy,https://sentimentalica.com/blog/a-dark-academia-lock-screen-that-is-moody-not-muddy.html,https://sentimentalica.com/blog/img/a-dark-academia-lock-screen-that-is-moody-not-muddy/page2.jpg,UPLOAD_THIS_latest-articles_five-day-schedule_2026-08-12.csv,UPLOAD_RETRY_ONLY_38-duplicate-titles-fixed_2026-08-12.csv | UPLOAD_THIS_latest-articles_five-day-schedule_2026-08-12.csv,CSV provided to Ksenia; Pinterest upload not confirmed,2026-08-12,No,,Rejected,Multiples rows with the same title,2026-08-12,2026-08-12
a-dark-academia-lock-screen-that-is-moody-not-muddy,https://sentimentalica.com/blog/a-dark-academia-lock-screen-that-is-moody-not-muddy.html,https://sentimentalica.com/blog/img/a-dark-academia-lock-screen-that-is-moody-not-muddy/page3.jpg,UPLOAD_THIS_latest-articles_five-day-schedule_2026-08-12.csv,UPLOAD_THIS_latest-articles_five-day-schedule_2026-08-12.csv,Pinterest upload confirmed by Ksenia,2026-08-12,Yes,2026-08-12,Accepted,,2026-08-14,2026-08-12
a-dark-academia-lock-screen-that-is-moody-not-muddy,https://sentimentalica.com/blog/a-dark-academia-lock-screen-that-is-moody-not-muddy.html,https://sentimentalica.com/blog/img/a-dark-academia-lock-screen-that-is-moody-not-muddy/palette1.jpg,UPLOAD_THIS_latest-articles_five-day-schedule_2026-08-12.csv,UPLOAD_THIS_latest-articles_five-day-schedule_2026-08-12.csv,Pinterest upload confirmed by Ksenia,2026-08-12,Yes,2026-08-12,Accepted,,2026-08-16,2026-08-12
a-dark-academia-lock-screen-that-is-moody-not-muddy,https://sentimentalica.com/blog/a-dark-academia-lock-screen-that-is-moody-not-muddy.html,https://sentimentalica.com/blog/img/a-dark-academia-lock-screen-that-is-moody-not-muddy/palette2.jpg,UPLOAD_THIS_latest-articles_five-day-schedule_2026-08-12.csv,UPLOAD_THIS_latest-articles_five-day-schedule_2026-08-12.csv,Pinterest upload confirmed by Ksenia,2026-08-12,Yes,2026-08-12,Accepted,,2026-08-16,2026-08-12
a-five-minute-journaling-routine-for-days-when-you-have-nothing-to-write,https://sentimentalica.com/blog/a-five-minute-journaling-routine-for-days-when-you-have-nothing-to-write.html,https://sentimentalica.com/blog/img/a-five-minute-journaling-routine-for-days-when-you-have-nothing-to-write/gen1.png,UPLOAD_THIS_latest-articles_five-day-schedule_2026-08-12.csv,UPLOAD_THIS_latest-articles_five-day-schedule_2026-08-12.csv,Pinterest upload confirmed by Ksenia,2026-08-12,Yes,2026-08-12,Accepted,,2026-08-15,2026-08-12
a-five-minute-journaling-routine-for-days-when-you-have-nothing-to-write,https://sentimentalica.com/blog/a-five-minute-journaling-routine-for-days-when-you-have-nothing-to-write.html,https://sentimentalica.com/blog/img/a-five-minute-journaling-routine-for-days-when-you-have-nothing-to-write/gen2.png,UPLOAD_THIS_latest-articles_five-day-schedule_2026-08-12.csv,UPLOAD_THIS_latest-articles_five-day-schedule_2026-08-12.csv,Pinterest upload confirmed by Ksenia,2026-08-12,Yes,2026-08-12,Accepted,,2026-08-15,2026-08-12
a-five-minute-journaling-routine-for-days-when-you-have-nothing-to-write,https://sentimentalica.com/blog/a-five-minute-journaling-routine-for-days-when-you-have-nothing-to-write.html,https://sentimentalica.com/blog/img/a-five-minute-journaling-routine-for-days-when-you-have-nothing-to-write/gen3.png,UPLOAD_THIS_latest-articles_five-day-schedule_2026-08-12.csv,UPLOAD_THIS_latest-articles_five-day-schedule_2026-08-12.csv,Pinterest upload confirmed by Ksenia,2026-08-12,Yes,2026-08-12,Accepted,,2026-08-15,2026-08-12
a-gentle-new-moon-journal-ritual-for-beginning-again,https://sentimentalica.com/blog/a-gentle-new-moon-journal-ritual-for-beginning-again.html,https://sentimentalica.com/blog/img/a-gentle-new-moon-journal-ritual-for-beginning-again/gen1.jpg,lead_new_moon.csv,lead_new_moon.csv,Historical CSV record; handoff status unknown,,No,,,,2026-08-09,2026-08-12
a-gentle-new-moon-journal-ritual-for-beginning-again,https://sentimentalica.com/blog/a-gentle-new-moon-journal-ritual-for-beginning-again.html,https://sentimentalica.com/blog/img/a-gentle-new-moon-journal-ritual-for-beginning-again/gen2.png,lead_new_moon.csv,lead_new_moon.csv,Historical CSV record; handoff status unknown,,No,,,,2026-08-14,2026-08-12
a-gentle-new-year-journal-reset-without-big-resolutions,https://sentimentalica.com/blog/a-gentle-new-year-journal-reset-without-big-resolutions.html,https://sentimentalica.com/blog/img/a-gentle-new-year-journal-reset-without-big-resolutions/scene.png,UPLOAD_THIS_11_articles_2026-08-29.csv,UPLOAD_THIS_11_articles_2026-08-29.csv,CSV provided to Ksenia; Pinterest upload not confirmed,2026-08-20,No,,,,2026-08-29,2026-08-20
a-harvest-market-journal-page-from-one-slow-morning,https://sentimentalica.com/blog/a-harvest-market-journal-page-from-one-slow-morning.html,https://sentimentalica.com/blog/img/a-harvest-market-journal-page-from-one-slow-morning/gen1.png,UPLOAD_TODAY_five-seasonal-articles_2026-08-13.csv,UPLOAD_TODAY_five-seasonal-articles_2026-08-13.csv,CSV provided to Ksenia; Pinterest upload not confirmed,2026-08-13,No,,,,2026-08-13,2026-08-13
a-harvest-market-journal-page-from-one-slow-morning,https://sentimentalica.com/blog/a-harvest-market-journal-page-from-one-slow-morning.html,https://sentimentalica.com/blog/img/a-harvest-market-journal-page-from-one-slow-morning/gen2.png,UPLOAD_TODAY_five-seasonal-articles_2026-08-13.csv,UPLOAD_TODAY_five-seasonal-articles_2026-08-13.csv,CSV provided to Ksenia; Pinterest upload not confirmed,2026-08-13,No,,,,2026-08-13,2026-08-13
a-layered-vellum-window-page-for-your-junk-journal,https://sentimentalica.com/blog/a-layered-vellum-window-page-for-your-junk-journal.html,https://sentimentalica.com/blog/img/a-layered-vellum-window-page-for-your-junk-journal/atmospheric.png,UPLOAD_THIS_latest-10-articles_2026-08-24_to_2026-08-27.csv,UPLOAD_THIS_latest-10-articles_2026-08-24_to_2026-08-27.csv,CSV provided to Ksenia; Pinterest upload not confirmed,2026-08-18,No,,,,2026-08-24,2026-08-18
a-layered-vellum-window-page-for-your-junk-journal,https://sentimentalica.com/blog/a-layered-vellum-window-page-for-your-junk-journal.html,https://sentimentalica.com/blog/img/a-layered-vellum-window-page-for-your-junk-journal/infographic-v2.png,UPLOAD_THIS_latest-10-articles_2026-08-24_to_2026-08-27.csv,UPLOAD_THIS_latest-10-articles_2026-08-24_to_2026-08-27.csv,CSV provided to Ksenia; Pinterest upload not confirmed,2026-08-18,No,,,,2026-08-24,2026-08-18
a-layered-vellum-window-page-for-your-junk-journal,https://sentimentalica.com/blog/a-layered-vellum-window-page-for-your-junk-journal.html,https://sentimentalica.com/blog/img/a-layered-vellum-window-page-for-your-junk-journal/process.png,UPLOAD_THIS_latest-10-articles_2026-08-24_to_2026-08-27.csv,UPLOAD_THIS_latest-10-articles_2026-08-24_to_2026-08-27.csv,CSV provided to Ksenia; Pinterest upload not confirmed,2026-08-18,No,,,,2026-08-24,2026-08-18
a-lemon-themed-summer-junk-journal-without-too-much-yellow,https://sentimentalica.com/blog/a-lemon-themed-summer-junk-journal-without-too-much-yellow.html,https://sentimentalica.com/blog/img/a-lemon-themed-summer-junk-journal-without-too-much-yellow/gen1.png,UPLOAD_THIS_latest-articles_five-day-schedule_2026-08-12.csv,UPLOAD_THIS_latest-articles_five-day-schedule_2026-08-12.csv,Pinterest upload confirmed by Ksenia,2026-08-12,Yes,2026-08-12,Accepted,,2026-08-14,2026-08-12
a-lemon-themed-summer-junk-journal-without-too-much-yellow,https://sentimentalica.com/blog/a-lemon-themed-summer-junk-journal-without-too-much-yellow.html,https://sentimentalica.com/blog/img/a-lemon-themed-summer-junk-journal-without-too-much-yellow/gen2.png,UPLOAD_THIS_latest-articles_five-day-schedule_2026-08-12.csv,UPLOAD_THIS_latest-articles_five-day-schedule_2026-08-12.csv,Pinterest upload confirmed by Ksenia,2026-08-12,Yes,2026-08-12,Accepted,,2026-08-16,2026-08-12
a-lemon-themed-summer-junk-journal-without-too-much-yellow,https://sentimentalica.com/blog/a-lemon-themed-summer-junk-journal-without-too-much-yellow.html,https://sentimentalica.com/blog/img/a-lemon-themed-summer-junk-journal-without-too-much-yellow/gen3.png,UPLOAD_THIS_latest-articles_five-day-schedule_2026-08-12.csv,UPLOAD_THIS_latest-articles_five-day-schedule_2026-08-12.csv,Pinterest upload confirmed by Ksenia,2026-08-12,Yes,2026-08-12,Accepted,,2026-08-14,2026-08-12
a-lemon-themed-summer-junk-journal-without-too-much-yellow,https://sentimentalica.com/blog/a-lemon-themed-summer-junk-journal-without-too-much-yellow.html,https://sentimentalica.com/blog/img/a-lemon-themed-summer-junk-journal-without-too-much-yellow/page1.jpg,UPLOAD_THIS_latest-articles_five-day-schedule_2026-08-12.csv,UPLOAD_THIS_latest-articles_five-day-schedule_2026-08-12.csv,Pinterest upload confirmed by Ksenia,2026-08-12,Yes,2026-08-12,Accepted,,2026-08-13,2026-08-12
a-lemon-themed-summer-junk-journal-without-too-much-yellow,https://sentimentalica.com/blog/a-lemon-themed-summer-junk-journal-without-too-much-yellow.html,https://sentimentalica.com/blog/img/a-lemon-themed-summer-junk-journal-without-too-much-yellow/page2.jpg,UPLOAD_THIS_latest-articles_five-day-schedule_2026-08-12.csv,UPLOAD_RETRY_ONLY_38-duplicate-titles-fixed_2026-08-12.csv | UPLOAD_THIS_latest-articles_five-day-schedule_2026-08-12.csv,CSV provided to Ksenia; Pinterest upload not confirmed,2026-08-12,No,,Rejected,Multiples rows with the same title,2026-08-15,2026-08-12
a-lemon-themed-summer-junk-journal-without-too-much-yellow,https://sentimentalica.com/blog/a-lemon-themed-summer-junk-journal-without-too-much-yellow.html,https://sentimentalica.com/blog/img/a-lemon-themed-summer-junk-journal-without-too-much-yellow/page3.jpg,UPLOAD_THIS_latest-articles_five-day-schedule_2026-08-12.csv,UPLOAD_THIS_latest-articles_five-day-schedule_2026-08-12.csv,Pinterest upload confirmed by Ksenia,2026-08-12,Yes,2026-08-12,Accepted,,2026-08-12,2026-08-12
a-lemon-themed-summer-junk-journal-without-too-much-yellow,https://sentimentalica.com/blog/a-lemon-themed-summer-junk-journal-without-too-much-yellow.html,https://sentimentalica.com/blog/img/a-lemon-themed-summer-junk-journal-without-too-much-yellow/palette1.jpg,UPLOAD_THIS_latest-articles_five-day-schedule_2026-08-12.csv,UPLOAD_THIS_latest-articles_five-day-schedule_2026-08-12.csv,Pinterest upload confirmed by Ksenia,2026-08-12,Yes,2026-08-12,Accepted,,2026-08-14,2026-08-12
a-lemon-themed-summer-junk-journal-without-too-much-yellow,https://sentimentalica.com/blog/a-lemon-themed-summer-junk-journal-without-too-much-yellow.html,https://sentimentalica.com/blog/img/a-lemon-themed-summer-junk-journal-without-too-much-yellow/palette2.jpg,UPLOAD_THIS_latest-articles_five-day-schedule_2026-08-12.csv,UPLOAD_THIS_latest-articles_five-day-schedule_2026-08-12.csv,Pinterest upload confirmed by Ksenia,2026-08-12,Yes,2026-08-12,Accepted,,2026-08-14,2026-08-12
a-letter-from-your-future-self-when-you-feel-stuck,https://sentimentalica.com/blog/a-letter-from-your-future-self-when-you-feel-stuck.html,https://sentimentalica.com/blog/img/a-letter-from-your-future-self-when-you-feel-stuck/gen1.jpg,lead_future_self.csv,lead_future_self.csv,Historical CSV record; handoff status unknown,,No,,,,2026-08-07,2026-08-12
a-letter-from-your-future-self-when-you-feel-stuck,https://sentimentalica.com/blog/a-letter-from-your-future-self-when-you-feel-stuck.html,https://sentimentalica.com/blog/img/a-letter-from-your-future-self-when-you-feel-stuck/gen2.png,lead_future_self.csv,lead_future_self.csv,Historical CSV record; handoff status unknown,,No,,,,2026-08-12,2026-08-12
a-quiet-color-ritual-for-your-journal-desk,https://sentimentalica.com/blog/a-quiet-color-ritual-for-your-journal-desk.html,https://sentimentalica.com/blog/img/a-quiet-color-ritual-for-your-journal-desk/gen1.jpg,UPLOAD_THIS_all-other-articles_two-week-schedule.csv,UPLOAD_THIS_all-other-articles_two-week-schedule.csv | _lead_magnets.csv,Historical CSV record; handoff status unknown,,No,,,,2026-07-21 | 2026-08-19,2026-08-12
a-quiet-color-ritual-for-your-journal-desk,https://sentimentalica.com/blog/a-quiet-color-ritual-for-your-journal-desk.html,https://sentimentalica.com/blog/img/a-quiet-color-ritual-for-your-journal-desk/gen2.jpg,UPLOAD_THIS_all-other-articles_two-week-schedule.csv,UPLOAD_THIS_all-other-articles_two-week-schedule.csv | _lead_magnets.csv,Historical CSV record; handoff status unknown,,No,,,,2026-07-20 | 2026-08-19,2026-08-12
a-summer-trail-journal-theme-with-maps-and-mountain-greens,https://sentimentalica.com/blog/a-summer-trail-journal-theme-with-maps-and-mountain-greens.html,https://sentimentalica.com/blog/img/a-summer-trail-journal-theme-with-maps-and-mountain-greens/gen1.jpg,207_Trail_Maps.csv,207_Trail_Maps.csv | UPLOAD_THIS_all-other-articles_two-week-schedule.csv,Historical CSV record; handoff status unknown,,No,,,,2026-08-22,2026-08-12
a-summer-trail-journal-theme-with-maps-and-mountain-greens,https://sentimentalica.com/blog/a-summer-trail-journal-theme-with-maps-and-mountain-greens.html,https://sentimentalica.com/blog/img/a-summer-trail-journal-theme-with-maps-and-mountain-greens/gen2.jpg,UPLOAD_THIS_all-other-articles_two-week-schedule.csv,UPLOAD_THIS_all-other-articles_two-week-schedule.csv,Historical CSV record; handoff status unknown,,No,,,,2026-08-22,2026-08-12
a-summer-trail-journal-theme-with-maps-and-mountain-greens,https://sentimentalica.com/blog/a-summer-trail-journal-theme-with-maps-and-mountain-greens.html,https://sentimentalica.com/blog/img/a-summer-trail-journal-theme-with-maps-and-mountain-greens/gen3.jpg,UPLOAD_THIS_all-other-articles_two-week-schedule.csv,UPLOAD_THIS_all-other-articles_two-week-schedule.csv,Historical CSV record; handoff status unknown,,No,,,,2026-08-22,2026-08-12
a-summer-trail-journal-theme-with-maps-and-mountain-greens,https://sentimentalica.com/blog/a-summer-trail-journal-theme-with-maps-and-mountain-greens.html,https://sentimentalica.com/blog/img/a-summer-trail-journal-theme-with-maps-and-mountain-greens/gen4.jpg,UPLOAD_THIS_all-other-articles_two-week-schedule.csv,UPLOAD_THIS_all-other-articles_two-week-schedule.csv,Historical CSV record; handoff status unknown,,No,,,,2026-08-22,2026-08-12
a-summer-trail-journal-theme-with-maps-and-mountain-greens,https://sentimentalica.com/blog/a-summer-trail-journal-theme-with-maps-and-mountain-greens.html,https://sentimentalica.com/blog/img/a-summer-trail-journal-theme-with-maps-and-mountain-greens/gen5.jpg,UPLOAD_THIS_all-other-articles_two-week-schedule.csv,UPLOAD_THIS_all-other-articles_two-week-schedule.csv,Historical CSV record; handoff status unknown,,No,,,,2026-08-22,2026-08-12
a-summer-trail-journal-theme-with-maps-and-mountain-greens,https://sentimentalica.com/blog/a-summer-trail-journal-theme-with-maps-and-mountain-greens.html,https://sentimentalica.com/blog/img/a-summer-trail-journal-theme-with-maps-and-mountain-greens/page3.jpg,UPLOAD_THIS_all-other-articles_two-week-schedule.csv,UPLOAD_THIS_all-other-articles_two-week-schedule.csv,Historical CSV record; handoff status unknown,,No,,,,2026-08-22,2026-08-12
a-summer-trail-journal-theme-with-maps-and-mountain-greens,https://sentimentalica.com/blog/a-summer-trail-journal-theme-with-maps-and-mountain-greens.html,https://sentimentalica.com/blog/img/a-summer-trail-journal-theme-with-maps-and-mountain-greens/page4.jpg,UPLOAD_THIS_all-other-articles_two-week-schedule.csv,UPLOAD_THIS_all-other-articles_two-week-schedule.csv,Historical CSV record; handoff status unknown,,No,,,,2026-08-22,2026-08-12
a-summer-trail-journal-theme-with-maps-and-mountain-greens,https://sentimentalica.com/blog/a-summer-trail-journal-theme-with-maps-and-mountain-greens.html,https://sentimentalica.com/blog/img/a-summer-trail-journal-theme-with-maps-and-mountain-greens/page5.jpg,UPLOAD_THIS_all-other-articles_two-week-schedule.csv,UPLOAD_THIS_all-other-articles_two-week-schedule.csv,Historical CSV record; handoff status unknown,,No,,,,2026-08-22,2026-08-12
a-ten-minute-journal-reset-for-a-low-energy-day,https://sentimentalica.com/blog/a-ten-minute-journal-reset-for-a-low-energy-day.html,https://sentimentalica.com/blog/img/a-ten-minute-journal-reset-for-a-low-energy-day/atmospheric.png,UPLOAD_THIS_latest-10-articles_2026-08-24_to_2026-08-27.csv,UPLOAD_THIS_latest-10-articles_2026-08-24_to_2026-08-27.csv,CSV provided to Ksenia; Pinterest upload not confirmed,2026-08-18,No,,,,2026-08-27,2026-08-18
a-ten-minute-journal-reset-for-a-low-energy-day,https://sentimentalica.com/blog/a-ten-minute-journal-reset-for-a-low-energy-day.html,https://sentimentalica.com/blog/img/a-ten-minute-journal-reset-for-a-low-energy-day/infographic-v2.png,UPLOAD_THIS_latest-10-articles_2026-08-24_to_2026-08-27.csv,UPLOAD_THIS_latest-10-articles_2026-08-24_to_2026-08-27.csv,CSV provided to Ksenia; Pinterest upload not confirmed,2026-08-18,No,,,,2026-08-27,2026-08-18
a-ten-minute-journal-reset-for-a-low-energy-day,https://sentimentalica.com/blog/a-ten-minute-journal-reset-for-a-low-energy-day.html,https://sentimentalica.com/blog/img/a-ten-minute-journal-reset-for-a-low-energy-day/process.png,UPLOAD_THIS_latest-10-articles_2026-08-24_to_2026-08-27.csv,UPLOAD_THIS_latest-10-articles_2026-08-24_to_2026-08-27.csv,CSV provided to Ksenia; Pinterest upload not confirmed,2026-08-18,No,,,,2026-08-27,2026-08-18
a-wedding-junk-journal-theme-in-silver-cream-and-candlelight,https://sentimentalica.com/blog/a-wedding-junk-journal-theme-in-silver-cream-and-candlelight.html,https://sentimentalica.com/blog/img/a-wedding-junk-journal-theme-in-silver-cream-and-candlelight/gen1.jpg,a-wedding-junk-journal-theme-in-silver-cream-and-candlelight.csv,a-wedding-junk-journal-theme-in-silver-cream-and-candlelight.csv,Historical CSV record; handoff status unknown,,No,,,,,2026-08-12
a-wedding-junk-journal-theme-in-silver-cream-and-candlelight,https://sentimentalica.com/blog/a-wedding-junk-journal-theme-in-silver-cream-and-candlelight.html,https://sentimentalica.com/blog/img/a-wedding-junk-journal-theme-in-silver-cream-and-candlelight/gen2.jpg,UPLOAD_THIS_wedding-retry-and-romantic-evening.csv,UPLOAD_THIS_wedding-retry-and-romantic-evening.csv | a-wedding-junk-journal-theme-in-silver-cream-and-candlelight.csv,Historical CSV record; handoff status unknown,,No,,,,,2026-08-12
a-wedding-junk-journal-theme-in-silver-cream-and-candlelight,https://sentimentalica.com/blog/a-wedding-junk-journal-theme-in-silver-cream-and-candlelight.html,https://sentimentalica.com/blog/img/a-wedding-junk-journal-theme-in-silver-cream-and-candlelight/gen3.jpg,UPLOAD_THIS_wedding-retry-and-romantic-evening.csv,UPLOAD_THIS_wedding-retry-and-romantic-evening.csv | a-wedding-junk-journal-theme-in-silver-cream-and-candlelight.csv,Historical CSV record; handoff status unknown,,No,,,,,2026-08-12
a-wedding-junk-journal-theme-in-silver-cream-and-candlelight,https://sentimentalica.com/blog/a-wedding-junk-journal-theme-in-silver-cream-and-candlelight.html,https://sentimentalica.com/blog/img/a-wedding-junk-journal-theme-in-silver-cream-and-candlelight/img2.jpg,UPLOAD_THIS_wedding-retry-and-romantic-evening.csv,UPLOAD_THIS_wedding-retry-and-romantic-evening.csv | a-wedding-junk-journal-theme-in-silver-cream-and-candlelight.csv,Historical CSV record; handoff status unknown,,No,,,,,2026-08-12
a-wedding-junk-journal-theme-in-silver-cream-and-candlelight,https://sentimentalica.com/blog/a-wedding-junk-journal-theme-in-silver-cream-and-candlelight.html,https://sentimentalica.com/blog/img/a-wedding-junk-journal-theme-in-silver-cream-and-candlelight/img3.jpg,UPLOAD_THIS_wedding-retry-and-romantic-evening.csv,UPLOAD_THIS_wedding-retry-and-romantic-evening.csv | a-wedding-junk-journal-theme-in-silver-cream-and-candlelight.csv,Historical CSV record; handoff status unknown,,No,,,,,2026-08-12
a-wildflower-field-note-page-you-can-make-after-one-walk,https://sentimentalica.com/blog/a-wildflower-field-note-page-you-can-make-after-one-walk.html,https://sentimentalica.com/blog/img/a-wildflower-field-note-page-you-can-make-after-one-walk/infographic.png,UPLOAD_THIS_11_articles_2026-08-29.csv,UPLOAD_THIS_11_articles_2026-08-29.csv,CSV provided to Ksenia; Pinterest upload not confirmed,2026-08-20,No,,,,2026-08-29,2026-08-20
a-wildflower-field-note-page-you-can-make-after-one-walk,https://sentimentalica.com/blog/a-wildflower-field-note-page-you-can-make-after-one-walk.html,https://sentimentalica.com/blog/img/a-wildflower-field-note-page-you-can-make-after-one-walk/scene.png,UPLOAD_THIS_11_articles_2026-08-29.csv,UPLOAD_THIS_11_articles_2026-08-29.csv,CSV provided to Ksenia; Pinterest upload not confirmed,2026-08-20,No,,,,2026-08-29,2026-08-20
an-autumn-junk-journal-page-from-one-walk-around-the-block,https://sentimentalica.com/blog/an-autumn-junk-journal-page-from-one-walk-around-the-block.html,https://sentimentalica.com/blog/img/an-autumn-junk-journal-page-from-one-walk-around-the-block/gen1.png,UPLOAD_THIS_latest-articles_five-day-schedule_2026-08-12.csv,UPLOAD_THIS_latest-articles_five-day-schedule_2026-08-12.csv,Pinterest upload confirmed by Ksenia,2026-08-12,Yes,2026-08-12,Accepted,,2026-08-13,2026-08-12
an-autumn-junk-journal-page-from-one-walk-around-the-block,https://sentimentalica.com/blog/an-autumn-junk-journal-page-from-one-walk-around-the-block.html,https://sentimentalica.com/blog/img/an-autumn-junk-journal-page-from-one-walk-around-the-block/gen2.png,UPLOAD_THIS_latest-articles_five-day-schedule_2026-08-12.csv,UPLOAD_THIS_latest-articles_five-day-schedule_2026-08-12.csv,Pinterest upload confirmed by Ksenia,2026-08-12,Yes,2026-08-12,Accepted,,2026-08-13,2026-08-12
an-autumn-junk-journal-page-from-one-walk-around-the-block,https://sentimentalica.com/blog/an-autumn-junk-journal-page-from-one-walk-around-the-block.html,https://sentimentalica.com/blog/img/an-autumn-junk-journal-page-from-one-walk-around-the-block/gen3.png,UPLOAD_THIS_latest-articles_five-day-schedule_2026-08-12.csv,UPLOAD_THIS_latest-articles_five-day-schedule_2026-08-12.csv,Pinterest upload confirmed by Ksenia,2026-08-12,Yes,2026-08-12,Accepted,,2026-08-13,2026-08-12
beginner-junk-journal-paper-picks,https://sentimentalica.com/blog/beginner-junk-journal-paper-picks.html,https://sentimentalica.com/blog/img/beginner-junk-journal-paper-picks/gen1.png,UPLOAD_THIS_latest-11-articles_2026-08-18_to_2026-08-21.csv,UPLOAD_THIS_latest-11-articles_2026-08-18_to_2026-08-21.csv,CSV provided to Ksenia; Pinterest upload not confirmed,2026-08-14,No,,,,2026-08-21,2026-08-14
beginner-junk-journal-paper-picks,https://sentimentalica.com/blog/beginner-junk-journal-paper-picks.html,https://sentimentalica.com/blog/img/beginner-junk-journal-paper-picks/gen2.png,UPLOAD_THIS_latest-11-articles_2026-08-18_to_2026-08-21.csv,UPLOAD_THIS_latest-11-articles_2026-08-18_to_2026-08-21.csv,CSV provided to Ksenia; Pinterest upload not confirmed,2026-08-14,No,,,,2026-08-21,2026-08-14
bird-journal-inspiration-that-feels-observed-not-decorated,https://sentimentalica.com/blog/bird-journal-inspiration-that-feels-observed-not-decorated.html,https://sentimentalica.com/blog/img/bird-journal-inspiration-that-feels-observed-not-decorated/gen1.png,UPLOAD_THIS_latest-articles_five-day-schedule_2026-08-12.csv,UPLOAD_THIS_latest-articles_five-day-schedule_2026-08-12.csv,Pinterest upload confirmed by Ksenia,2026-08-12,Yes,2026-08-12,Accepted,,2026-08-14,2026-08-12
bird-journal-inspiration-that-feels-observed-not-decorated,https://sentimentalica.com/blog/bird-journal-inspiration-that-feels-observed-not-decorated.html,https://sentimentalica.com/blog/img/bird-journal-inspiration-that-feels-observed-not-decorated/gen2.png,UPLOAD_THIS_latest-articles_five-day-schedule_2026-08-12.csv,UPLOAD_THIS_latest-articles_five-day-schedule_2026-08-12.csv,Pinterest upload confirmed by Ksenia,2026-08-12,Yes,2026-08-12,Accepted,,2026-08-14,2026-08-12
bird-journal-inspiration-that-feels-observed-not-decorated,https://sentimentalica.com/blog/bird-journal-inspiration-that-feels-observed-not-decorated.html,https://sentimentalica.com/blog/img/bird-journal-inspiration-that-feels-observed-not-decorated/gen3.png,UPLOAD_THIS_latest-articles_five-day-schedule_2026-08-12.csv,UPLOAD_THIS_latest-articles_five-day-schedule_2026-08-12.csv,Pinterest upload confirmed by Ksenia,2026-08-12,Yes,2026-08-12,Accepted,,2026-08-14,2026-08-12
blue-and-white-color-palettes-for-junk-journal-pages,https://sentimentalica.com/blog/blue-and-white-color-palettes-for-junk-journal-pages.html,https://sentimentalica.com/blog/img/blue-and-white-color-palettes-for-junk-journal-pages/gen1.jpg,UPLOAD_THIS_all-other-articles_two-week-schedule.csv,UPLOAD_THIS_all-other-articles_two-week-schedule.csv,Historical CSV record; handoff status unknown,,No,,,,2026-08-23,2026-08-12
blue-and-white-color-palettes-for-junk-journal-pages,https://sentimentalica.com/blog/blue-and-white-color-palettes-for-junk-journal-pages.html,https://sentimentalica.com/blog/img/blue-and-white-color-palettes-for-junk-journal-pages/gen2.jpg,UPLOAD_THIS_all-other-articles_two-week-schedule.csv,UPLOAD_THIS_all-other-articles_two-week-schedule.csv,Historical CSV record; handoff status unknown,,No,,,,2026-08-23,2026-08-12
blue-and-white-color-palettes-for-junk-journal-pages,https://sentimentalica.com/blog/blue-and-white-color-palettes-for-junk-journal-pages.html,https://sentimentalica.com/blog/img/blue-and-white-color-palettes-for-junk-journal-pages/gen3.jpg,UPLOAD_THIS_all-other-articles_two-week-schedule.csv,UPLOAD_THIS_all-other-articles_two-week-schedule.csv,Historical CSV record; handoff status unknown,,No,,,,2026-08-23,2026-08-12
blue-and-white-color-palettes-for-junk-journal-pages,https://sentimentalica.com/blog/blue-and-white-color-palettes-for-junk-journal-pages.html,https://sentimentalica.com/blog/img/blue-and-white-color-palettes-for-junk-journal-pages/toile-blue-chateau-showpiece.jpg,UPLOAD_THIS_all-other-articles_two-week-schedule.csv,UPLOAD_THIS_all-other-articles_two-week-schedule.csv,Historical CSV record; handoff status unknown,,No,,,,2026-08-23,2026-08-12
blue-and-white-color-palettes-for-junk-journal-pages,https://sentimentalica.com/blog/blue-and-white-color-palettes-for-junk-journal-pages.html,https://sentimentalica.com/blog/img/blue-and-white-color-palettes-for-junk-journal-pages/toile-blue-tea-service.jpg,UPLOAD_THIS_all-other-articles_two-week-schedule.csv,UPLOAD_THIS_all-other-articles_two-week-schedule.csv,Historical CSV record; handoff status unknown,,No,,,,2026-08-23,2026-08-12
blue-and-white-color-palettes-for-junk-journal-pages,https://sentimentalica.com/blog/blue-and-white-color-palettes-for-junk-journal-pages.html,https://sentimentalica.com/blog/img/blue-and-white-color-palettes-for-junk-journal-pages/toile-blue-wine-grapes.jpg,UPLOAD_THIS_all-other-articles_two-week-schedule.csv,UPLOAD_THIS_all-other-articles_two-week-schedule.csv,Historical CSV record; handoff status unknown,,No,,,,2026-08-23,2026-08-12
blue-ribbon-palette-for-soft-junk-journal-pages,https://sentimentalica.com/blog/blue-ribbon-palette-for-soft-junk-journal-pages.html,https://sentimentalica.com/blog/img/blue-ribbon-palette-for-soft-junk-journal-pages/gen1-pinterest.jpg,UPLOAD_NOW_RETRY_14-scheduling-limit_2026-08-11.csv,UPLOAD_NOW_RETRY_14-scheduling-limit_2026-08-11.csv | UPLOAD_RETRY_14-corrected-image-files_2026-08-10.csv,Historical CSV record; handoff status unknown,,No,,,,2026-08-18,2026-08-12
blue-ribbon-palette-for-soft-junk-journal-pages,https://sentimentalica.com/blog/blue-ribbon-palette-for-soft-junk-journal-pages.html,https://sentimentalica.com/blog/img/blue-ribbon-palette-for-soft-junk-journal-pages/gen1.jpg,UPLOAD_THIS_all-other-articles_two-week-schedule.csv,UPLOAD_THIS_all-other-articles_two-week-schedule.csv,Historical CSV record; handoff status unknown,,No,,,,2026-08-18,2026-08-12
blue-ribbon-palette-for-soft-junk-journal-pages,https://sentimentalica.com/blog/blue-ribbon-palette-for-soft-junk-journal-pages.html,https://sentimentalica.com/blog/img/blue-ribbon-palette-for-soft-junk-journal-pages/gen2-pinterest.jpg,UPLOAD_NOW_RETRY_14-scheduling-limit_2026-08-11.csv,UPLOAD_NOW_RETRY_14-scheduling-limit_2026-08-11.csv | UPLOAD_RETRY_14-corrected-image-files_2026-08-10.csv,Historical CSV record; handoff status unknown,,No,,,,2026-08-18,2026-08-12
blue-ribbon-palette-for-soft-junk-journal-pages,https://sentimentalica.com/blog/blue-ribbon-palette-for-soft-junk-journal-pages.html,https://sentimentalica.com/blog/img/blue-ribbon-palette-for-soft-junk-journal-pages/gen2.jpg,UPLOAD_THIS_all-other-articles_two-week-schedule.csv,UPLOAD_THIS_all-other-articles_two-week-schedule.csv,Historical CSV record; handoff status unknown,,No,,,,2026-08-18,2026-08-12
botanical-wallpaper-ideas-that-feel-collected-not-crowded,https://sentimentalica.com/blog/botanical-wallpaper-ideas-that-feel-collected-not-crowded.html,https://sentimentalica.com/blog/img/botanical-wallpaper-ideas-that-feel-collected-not-crowded/botanical-leaf-pattern-page.jpg,UPLOAD_THIS_latest-articles_five-day-schedule_2026-08-12.csv,UPLOAD_THIS_latest-articles_five-day-schedule_2026-08-12.csv,Pinterest upload confirmed by Ksenia,2026-08-12,Yes,2026-08-12,Accepted,,2026-08-12,2026-08-12
botanical-wallpaper-ideas-that-feel-collected-not-crowded,https://sentimentalica.com/blog/botanical-wallpaper-ideas-that-feel-collected-not-crowded.html,https://sentimentalica.com/blog/img/botanical-wallpaper-ideas-that-feel-collected-not-crowded/dragonfly-frame-page.jpg,UPLOAD_THIS_latest-articles_five-day-schedule_2026-08-12.csv,UPLOAD_RETRY_ONLY_38-duplicate-titles-fixed_2026-08-12.csv | UPLOAD_THIS_latest-articles_five-day-schedule_2026-08-12.csv,CSV provided to Ksenia; Pinterest upload not confirmed,2026-08-12,No,,Rejected,Multiples rows with the same title,2026-08-14,2026-08-12
botanical-wallpaper-ideas-that-feel-collected-not-crowded,https://sentimentalica.com/blog/botanical-wallpaper-ideas-that-feel-collected-not-crowded.html,https://sentimentalica.com/blog/img/botanical-wallpaper-ideas-that-feel-collected-not-crowded/gen1.png,UPLOAD_THIS_latest-articles_five-day-schedule_2026-08-12.csv,UPLOAD_THIS_latest-articles_five-day-schedule_2026-08-12.csv,Pinterest upload confirmed by Ksenia,2026-08-12,Yes,2026-08-12,Accepted,,2026-08-12,2026-08-12
botanical-wallpaper-ideas-that-feel-collected-not-crowded,https://sentimentalica.com/blog/botanical-wallpaper-ideas-that-feel-collected-not-crowded.html,https://sentimentalica.com/blog/img/botanical-wallpaper-ideas-that-feel-collected-not-crowded/gen2.png,UPLOAD_THIS_latest-articles_five-day-schedule_2026-08-12.csv,UPLOAD_THIS_latest-articles_five-day-schedule_2026-08-12.csv,Pinterest upload confirmed by Ksenia,2026-08-12,Yes,2026-08-12,Accepted,,2026-08-13,2026-08-12
botanical-wallpaper-ideas-that-feel-collected-not-crowded,https://sentimentalica.com/blog/botanical-wallpaper-ideas-that-feel-collected-not-crowded.html,https://sentimentalica.com/blog/img/botanical-wallpaper-ideas-that-feel-collected-not-crowded/gen3.png,UPLOAD_THIS_latest-articles_five-day-schedule_2026-08-12.csv,UPLOAD_THIS_latest-articles_five-day-schedule_2026-08-12.csv,Pinterest upload confirmed by Ksenia,2026-08-12,Yes,2026-08-12,Accepted,,2026-08-16,2026-08-12
botanical-wallpaper-ideas-that-feel-collected-not-crowded,https://sentimentalica.com/blog/botanical-wallpaper-ideas-that-feel-collected-not-crowded.html,https://sentimentalica.com/blog/img/botanical-wallpaper-ideas-that-feel-collected-not-crowded/palette-dragonfly-gold.jpg,UPLOAD_THIS_latest-articles_five-day-schedule_2026-08-12.csv,UPLOAD_RETRY_ONLY_38-duplicate-titles-fixed_2026-08-12.csv | UPLOAD_THIS_latest-articles_five-day-schedule_2026-08-12.csv,CSV provided to Ksenia; Pinterest upload not confirmed,2026-08-12,No,,Rejected,Multiples rows with the same title,2026-08-12,2026-08-12
botanical-wallpaper-ideas-that-feel-collected-not-crowded,https://sentimentalica.com/blog/botanical-wallpaper-ideas-that-feel-collected-not-crowded.html,https://sentimentalica.com/blog/img/botanical-wallpaper-ideas-that-feel-collected-not-crowded/palette-violet-herbarium.jpg,UPLOAD_THIS_latest-articles_five-day-schedule_2026-08-12.csv,UPLOAD_THIS_latest-articles_five-day-schedule_2026-08-12.csv,Pinterest upload confirmed by Ksenia,2026-08-12,Yes,2026-08-12,Accepted,,2026-08-12,2026-08-12
botanical-wallpaper-ideas-that-feel-collected-not-crowded,https://sentimentalica.com/blog/botanical-wallpaper-ideas-that-feel-collected-not-crowded.html,https://sentimentalica.com/blog/img/botanical-wallpaper-ideas-that-feel-collected-not-crowded/violet-herbarium-page.jpg,UPLOAD_THIS_latest-articles_five-day-schedule_2026-08-12.csv,UPLOAD_THIS_latest-articles_five-day-schedule_2026-08-12.csv,Pinterest upload confirmed by Ksenia,2026-08-12,Yes,2026-08-12,Accepted,,2026-08-15,2026-08-12
build-a-scrapbook-page-around-one-saved-object,https://sentimentalica.com/blog/build-a-scrapbook-page-around-one-saved-object.html,https://sentimentalica.com/blog/img/build-a-scrapbook-page-around-one-saved-object/atmospheric.png,UPLOAD_THIS_latest-10-articles_2026-08-24_to_2026-08-27.csv,UPLOAD_THIS_latest-10-articles_2026-08-24_to_2026-08-27.csv,CSV provided to Ksenia; Pinterest upload not confirmed,2026-08-18,No,,,,2026-08-25,2026-08-18
build-a-scrapbook-page-around-one-saved-object,https://sentimentalica.com/blog/build-a-scrapbook-page-around-one-saved-object.html,https://sentimentalica.com/blog/img/build-a-scrapbook-page-around-one-saved-object/infographic-v2.png,UPLOAD_THIS_latest-10-articles_2026-08-24_to_2026-08-27.csv,UPLOAD_THIS_latest-10-articles_2026-08-24_to_2026-08-27.csv,CSV provided to Ksenia; Pinterest upload not confirmed,2026-08-18,No,,,,2026-08-25,2026-08-18
build-a-scrapbook-page-around-one-saved-object,https://sentimentalica.com/blog/build-a-scrapbook-page-around-one-saved-object.html,https://sentimentalica.com/blog/img/build-a-scrapbook-page-around-one-saved-object/process.png,UPLOAD_THIS_latest-10-articles_2026-08-24_to_2026-08-27.csv,UPLOAD_THIS_latest-10-articles_2026-08-24_to_2026-08-27.csv,CSV provided to Ksenia; Pinterest upload not confirmed,2026-08-18,No,,,,2026-08-26,2026-08-18
clean-printable-cutting-where-to-start-and-when-to-turn,https://sentimentalica.com/blog/clean-printable-cutting-where-to-start-and-when-to-turn.html,https://sentimentalica.com/blog/img/clean-printable-cutting-where-to-start-and-when-to-turn/infographic.png,UPLOAD_THIS_11_articles_2026-08-29.csv,UPLOAD_THIS_11_articles_2026-08-29.csv,CSV provided to Ksenia; Pinterest upload not confirmed,2026-08-20,No,,,,2026-08-29,2026-08-20
clean-printable-cutting-where-to-start-and-when-to-turn,https://sentimentalica.com/blog/clean-printable-cutting-where-to-start-and-when-to-turn.html,https://sentimentalica.com/blog/img/clean-printable-cutting-where-to-start-and-when-to-turn/scene.png,UPLOAD_THIS_11_articles_2026-08-29.csv,UPLOAD_THIS_11_articles_2026-08-29.csv,CSV provided to Ksenia; Pinterest upload not confirmed,2026-08-20,No,,,,2026-08-29,2026-08-20
cocoa-oat-moss-and-ember-for-cozy-journal-pages,https://sentimentalica.com/blog/cocoa-oat-moss-and-ember-for-cozy-journal-pages.html,https://sentimentalica.com/blog/img/cocoa-oat-moss-and-ember-for-cozy-journal-pages/atmospheric.png,UPLOAD_THIS_latest-10-articles_2026-08-24_to_2026-08-27.csv,UPLOAD_THIS_latest-10-articles_2026-08-24_to_2026-08-27.csv,CSV provided to Ksenia; Pinterest upload not confirmed,2026-08-18,No,,,,2026-08-26,2026-08-18
cocoa-oat-moss-and-ember-for-cozy-journal-pages,https://sentimentalica.com/blog/cocoa-oat-moss-and-ember-for-cozy-journal-pages.html,https://sentimentalica.com/blog/img/cocoa-oat-moss-and-ember-for-cozy-journal-pages/palette.png,UPLOAD_THIS_latest-10-articles_2026-08-24_to_2026-08-27.csv,UPLOAD_THIS_latest-10-articles_2026-08-24_to_2026-08-27.csv,CSV provided to Ksenia; Pinterest upload not confirmed,2026-08-18,No,,,,2026-08-27,2026-08-18
copper-and-teal-junk-journal-colors-for-steampunk-pages,https://sentimentalica.com/blog/copper-and-teal-junk-journal-colors-for-steampunk-pages.html,https://sentimentalica.com/blog/img/copper-and-teal-junk-journal-colors-for-steampunk-pages/clockwork-compass-page.jpg,UPLOAD_THIS_latest-articles_five-day-schedule_2026-08-12.csv,UPLOAD_THIS_latest-articles_five-day-schedule_2026-08-12.csv,Pinterest upload confirmed by Ksenia,2026-08-12,Yes,2026-08-12,Accepted,,2026-08-16,2026-08-12
copper-and-teal-junk-journal-colors-for-steampunk-pages,https://sentimentalica.com/blog/copper-and-teal-junk-journal-colors-for-steampunk-pages.html,https://sentimentalica.com/blog/img/copper-and-teal-junk-journal-colors-for-steampunk-pages/clockwork-cover-page.jpg,UPLOAD_THIS_latest-articles_five-day-schedule_2026-08-12.csv,UPLOAD_THIS_latest-articles_five-day-schedule_2026-08-12.csv,Pinterest upload confirmed by Ksenia,2026-08-12,Yes,2026-08-12,Accepted,,2026-08-15,2026-08-12
copper-and-teal-junk-journal-colors-for-steampunk-pages,https://sentimentalica.com/blog/copper-and-teal-junk-journal-colors-for-steampunk-pages.html,https://sentimentalica.com/blog/img/copper-and-teal-junk-journal-colors-for-steampunk-pages/copper-teal-pattern-page.jpg,UPLOAD_THIS_latest-articles_five-day-schedule_2026-08-12.csv,UPLOAD_RETRY_ONLY_38-duplicate-titles-fixed_2026-08-12.csv | UPLOAD_THIS_latest-articles_five-day-schedule_2026-08-12.csv,CSV provided to Ksenia; Pinterest upload not confirmed,2026-08-12,No,,Rejected,Multiples rows with the same title,2026-08-13,2026-08-12
copper-and-teal-junk-journal-colors-for-steampunk-pages,https://sentimentalica.com/blog/copper-and-teal-junk-journal-colors-for-steampunk-pages.html,https://sentimentalica.com/blog/img/copper-and-teal-junk-journal-colors-for-steampunk-pages/gen1.png,UPLOAD_THIS_latest-articles_five-day-schedule_2026-08-12.csv,UPLOAD_THIS_latest-articles_five-day-schedule_2026-08-12.csv,Pinterest upload confirmed by Ksenia,2026-08-12,Yes,2026-08-12,Accepted,,2026-08-14,2026-08-12
copper-and-teal-junk-journal-colors-for-steampunk-pages,https://sentimentalica.com/blog/copper-and-teal-junk-journal-colors-for-steampunk-pages.html,https://sentimentalica.com/blog/img/copper-and-teal-junk-journal-colors-for-steampunk-pages/gen2.png,UPLOAD_THIS_latest-articles_five-day-schedule_2026-08-12.csv,UPLOAD_THIS_latest-articles_five-day-schedule_2026-08-12.csv,Pinterest upload confirmed by Ksenia,2026-08-12,Yes,2026-08-12,Accepted,,2026-08-14,2026-08-12
copper-and-teal-junk-journal-colors-for-steampunk-pages,https://sentimentalica.com/blog/copper-and-teal-junk-journal-colors-for-steampunk-pages.html,https://sentimentalica.com/blog/img/copper-and-teal-junk-journal-colors-for-steampunk-pages/palette-clockwork-compass.jpg,UPLOAD_THIS_latest-articles_five-day-schedule_2026-08-12.csv,UPLOAD_THIS_latest-articles_five-day-schedule_2026-08-12.csv,Pinterest upload confirmed by Ksenia,2026-08-12,Yes,2026-08-12,Accepted,,2026-08-14,2026-08-12
copper-and-teal-junk-journal-colors-for-steampunk-pages,https://sentimentalica.com/blog/copper-and-teal-junk-journal-colors-for-steampunk-pages.html,https://sentimentalica.com/blog/img/copper-and-teal-junk-journal-colors-for-steampunk-pages/palette-clockwork-cover.jpg,UPLOAD_THIS_latest-articles_five-day-schedule_2026-08-12.csv,UPLOAD_THIS_latest-articles_five-day-schedule_2026-08-12.csv,Pinterest upload confirmed by Ksenia,2026-08-12,Yes,2026-08-12,Accepted,,2026-08-14,2026-08-12
copper-and-teal-junk-journal-colors-for-steampunk-pages,https://sentimentalica.com/blog/copper-and-teal-junk-journal-colors-for-steampunk-pages.html,https://sentimentalica.com/blog/img/copper-and-teal-junk-journal-colors-for-steampunk-pages/palette-copper-teal-pattern.jpg,UPLOAD_THIS_latest-articles_five-day-schedule_2026-08-12.csv,UPLOAD_THIS_latest-articles_five-day-schedule_2026-08-12.csv,Pinterest upload confirmed by Ksenia,2026-08-12,Yes,2026-08-12,Accepted,,2026-08-12,2026-08-12
cottage-bloom-junk-journal-palette-ideas,https://sentimentalica.com/blog/cottage-bloom-junk-journal-palette-ideas.html,https://sentimentalica.com/blog/img/cottage-bloom-junk-journal-palette-ideas/gen1.jpg,206_Cottage_Bloom.csv,206_Cottage_Bloom.csv | UPLOAD_THIS_all-other-articles_two-week-schedule.csv,Historical CSV record; handoff status unknown,,No,,,,2026-08-23,2026-08-12
cottage-bloom-junk-journal-palette-ideas,https://sentimentalica.com/blog/cottage-bloom-junk-journal-palette-ideas.html,https://sentimentalica.com/blog/img/cottage-bloom-junk-journal-palette-ideas/gen2.jpg,206_Cottage_Bloom.csv,206_Cottage_Bloom.csv | UPLOAD_THIS_all-other-articles_two-week-schedule.csv,Historical CSV record; handoff status unknown,,No,,,,2026-08-23,2026-08-12
cottage-bloom-junk-journal-palette-ideas,https://sentimentalica.com/blog/cottage-bloom-junk-journal-palette-ideas.html,https://sentimentalica.com/blog/img/cottage-bloom-junk-journal-palette-ideas/gen3.jpg,UPLOAD_THIS_all-other-articles_two-week-schedule.csv,UPLOAD_THIS_all-other-articles_two-week-schedule.csv,Historical CSV record; handoff status unknown,,No,,,,2026-08-23,2026-08-12
cottage-bloom-junk-journal-palette-ideas,https://sentimentalica.com/blog/cottage-bloom-junk-journal-palette-ideas.html,https://sentimentalica.com/blog/img/cottage-bloom-junk-journal-palette-ideas/gen4.jpg,UPLOAD_THIS_all-other-articles_two-week-schedule.csv,UPLOAD_THIS_all-other-articles_two-week-schedule.csv,Historical CSV record; handoff status unknown,,No,,,,2026-08-23,2026-08-12
cottage-bloom-junk-journal-palette-ideas,https://sentimentalica.com/blog/cottage-bloom-junk-journal-palette-ideas.html,https://sentimentalica.com/blog/img/cottage-bloom-junk-journal-palette-ideas/gen5.jpg,206_Cottage_Bloom.csv,206_Cottage_Bloom.csv | UPLOAD_THIS_all-other-articles_two-week-schedule.csv,Historical CSV record; handoff status unknown,,No,,,,2026-08-23,2026-08-12
cottage-bloom-junk-journal-palette-ideas,https://sentimentalica.com/blog/cottage-bloom-junk-journal-palette-ideas.html,https://sentimentalica.com/blog/img/cottage-bloom-junk-journal-palette-ideas/page1.jpg,UPLOAD_THIS_all-other-articles_two-week-schedule.csv,UPLOAD_THIS_all-other-articles_two-week-schedule.csv,Historical CSV record; handoff status unknown,,No,,,,2026-08-23,2026-08-12
cottage-bloom-junk-journal-palette-ideas,https://sentimentalica.com/blog/cottage-bloom-junk-journal-palette-ideas.html,https://sentimentalica.com/blog/img/cottage-bloom-junk-journal-palette-ideas/page2.jpg,UPLOAD_THIS_all-other-articles_two-week-schedule.csv,UPLOAD_THIS_all-other-articles_two-week-schedule.csv,Historical CSV record; handoff status unknown,,No,,,,2026-08-23,2026-08-12
cottage-bloom-junk-journal-palette-ideas,https://sentimentalica.com/blog/cottage-bloom-junk-journal-palette-ideas.html,https://sentimentalica.com/blog/img/cottage-bloom-junk-journal-palette-ideas/page3.jpg,UPLOAD_THIS_all-other-articles_two-week-schedule.csv,UPLOAD_THIS_all-other-articles_two-week-schedule.csv,Historical CSV record; handoff status unknown,,No,,,,2026-08-23,2026-08-12
cottage-rose-junk-journal-palette-ideas,https://sentimentalica.com/blog/cottage-rose-junk-journal-palette-ideas.html,https://sentimentalica.com/blog/img/cottage-rose-junk-journal-palette-ideas/gen1.jpg,121_Blossom_Lane.csv,121_Blossom_Lane.csv | UPLOAD_THIS_all-other-articles_two-week-schedule.csv,Historical CSV record; handoff status unknown,,No,,,,2026-08-17,2026-08-12
cottage-rose-junk-journal-palette-ideas,https://sentimentalica.com/blog/cottage-rose-junk-journal-palette-ideas.html,https://sentimentalica.com/blog/img/cottage-rose-junk-journal-palette-ideas/gen2.jpg,UPLOAD_THIS_all-other-articles_two-week-schedule.csv,UPLOAD_THIS_all-other-articles_two-week-schedule.csv,Historical CSV record; handoff status unknown,,No,,,,2026-08-17,2026-08-12
cottage-rose-junk-journal-palette-ideas,https://sentimentalica.com/blog/cottage-rose-junk-journal-palette-ideas.html,https://sentimentalica.com/blog/img/cottage-rose-junk-journal-palette-ideas/gen3.jpg,UPLOAD_THIS_all-other-articles_two-week-schedule.csv,UPLOAD_THIS_all-other-articles_two-week-schedule.csv,Historical CSV record; handoff status unknown,,No,,,,2026-08-17,2026-08-12
cottage-rose-junk-journal-palette-ideas,https://sentimentalica.com/blog/cottage-rose-junk-journal-palette-ideas.html,https://sentimentalica.com/blog/img/cottage-rose-junk-journal-palette-ideas/gen4-pinterest.jpg,UPLOAD_NOW_RETRY_14-scheduling-limit_2026-08-11.csv,UPLOAD_NOW_RETRY_14-scheduling-limit_2026-08-11.csv | UPLOAD_RETRY_14-corrected-image-files_2026-08-10.csv,Historical CSV record; handoff status unknown,,No,,,,2026-08-17,2026-08-12
cottage-rose-junk-journal-palette-ideas,https://sentimentalica.com/blog/cottage-rose-junk-journal-palette-ideas.html,https://sentimentalica.com/blog/img/cottage-rose-junk-journal-palette-ideas/gen4.jpg,UPLOAD_THIS_all-other-articles_two-week-schedule.csv,UPLOAD_THIS_all-other-articles_two-week-schedule.csv,Historical CSV record; handoff status unknown,,No,,,,2026-08-17,2026-08-12
cottage-rose-junk-journal-palette-ideas,https://sentimentalica.com/blog/cottage-rose-junk-journal-palette-ideas.html,https://sentimentalica.com/blog/img/cottage-rose-junk-journal-palette-ideas/gen5.jpg,UPLOAD_THIS_all-other-articles_two-week-schedule.csv,UPLOAD_THIS_all-other-articles_two-week-schedule.csv,Historical CSV record; handoff status unknown,,No,,,,2026-08-17,2026-08-12
cottage-rose-junk-journal-palette-ideas,https://sentimentalica.com/blog/cottage-rose-junk-journal-palette-ideas.html,https://sentimentalica.com/blog/img/cottage-rose-junk-journal-palette-ideas/page2.jpg,UPLOAD_THIS_all-other-articles_two-week-schedule.csv,UPLOAD_THIS_all-other-articles_two-week-schedule.csv,Historical CSV record; handoff status unknown,,No,,,,2026-08-17,2026-08-12
cottage-rose-junk-journal-palette-ideas,https://sentimentalica.com/blog/cottage-rose-junk-journal-palette-ideas.html,https://sentimentalica.com/blog/img/cottage-rose-junk-journal-palette-ideas/page3.jpg,UPLOAD_THIS_all-other-articles_two-week-schedule.csv,UPLOAD_THIS_all-other-articles_two-week-schedule.csv,Historical CSV record; handoff status unknown,,No,,,,2026-08-17,2026-08-12
cottage-rose-junk-journal-palette-ideas,https://sentimentalica.com/blog/cottage-rose-junk-journal-palette-ideas.html,https://sentimentalica.com/blog/img/cottage-rose-junk-journal-palette-ideas/page4.jpg,UPLOAD_THIS_all-other-articles_two-week-schedule.csv,UPLOAD_THIS_all-other-articles_two-week-schedule.csv,Historical CSV record; handoff status unknown,,No,,,,2026-08-17,2026-08-12
dark-academia-journal-pages-with-candlelit-color,https://sentimentalica.com/blog/dark-academia-journal-pages-with-candlelit-color.html,https://sentimentalica.com/blog/img/dark-academia-journal-pages-with-candlelit-color/gen1.jpg,180_Firefly_Glow.csv,180_Firefly_Glow.csv | UPLOAD_THIS_all-other-articles_two-week-schedule.csv,Historical CSV record; handoff status unknown,,No,,,,2026-08-14,2026-08-12
dark-academia-journal-pages-with-candlelit-color,https://sentimentalica.com/blog/dark-academia-journal-pages-with-candlelit-color.html,https://sentimentalica.com/blog/img/dark-academia-journal-pages-with-candlelit-color/gen2.jpg,UPLOAD_THIS_all-other-articles_two-week-schedule.csv,UPLOAD_THIS_all-other-articles_two-week-schedule.csv,Historical CSV record; handoff status unknown,,No,,,,2026-08-14,2026-08-12
dark-academia-journal-pages-with-candlelit-color,https://sentimentalica.com/blog/dark-academia-journal-pages-with-candlelit-color.html,https://sentimentalica.com/blog/img/dark-academia-journal-pages-with-candlelit-color/gen3.jpg,UPLOAD_THIS_all-other-articles_two-week-schedule.csv,UPLOAD_THIS_all-other-articles_two-week-schedule.csv,Historical CSV record; handoff status unknown,,No,,,,2026-08-14,2026-08-12
dark-academia-journal-pages-with-candlelit-color,https://sentimentalica.com/blog/dark-academia-journal-pages-with-candlelit-color.html,https://sentimentalica.com/blog/img/dark-academia-journal-pages-with-candlelit-color/gen4-pinterest.jpg,UPLOAD_NOW_RETRY_14-scheduling-limit_2026-08-11.csv,UPLOAD_NOW_RETRY_14-scheduling-limit_2026-08-11.csv | UPLOAD_RETRY_14-corrected-image-files_2026-08-10.csv,Historical CSV record; handoff status unknown,,No,,,,2026-08-14,2026-08-12
dark-academia-journal-pages-with-candlelit-color,https://sentimentalica.com/blog/dark-academia-journal-pages-with-candlelit-color.html,https://sentimentalica.com/blog/img/dark-academia-journal-pages-with-candlelit-color/gen4.jpg,UPLOAD_THIS_all-other-articles_two-week-schedule.csv,UPLOAD_THIS_all-other-articles_two-week-schedule.csv,Historical CSV record; handoff status unknown,,No,,,,2026-08-14,2026-08-12
dark-academia-journal-pages-with-candlelit-color,https://sentimentalica.com/blog/dark-academia-journal-pages-with-candlelit-color.html,https://sentimentalica.com/blog/img/dark-academia-journal-pages-with-candlelit-color/gen5.jpg,UPLOAD_THIS_all-other-articles_two-week-schedule.csv,UPLOAD_THIS_all-other-articles_two-week-schedule.csv,Historical CSV record; handoff status unknown,,No,,,,2026-08-14,2026-08-12
dark-academia-journal-pages-with-candlelit-color,https://sentimentalica.com/blog/dark-academia-journal-pages-with-candlelit-color.html,https://sentimentalica.com/blog/img/dark-academia-journal-pages-with-candlelit-color/page1.jpg,UPLOAD_THIS_all-other-articles_two-week-schedule.csv,UPLOAD_THIS_all-other-articles_two-week-schedule.csv,Historical CSV record; handoff status unknown,,No,,,,2026-08-14,2026-08-12
dark-academia-journal-pages-with-candlelit-color,https://sentimentalica.com/blog/dark-academia-journal-pages-with-candlelit-color.html,https://sentimentalica.com/blog/img/dark-academia-journal-pages-with-candlelit-color/page2.jpg,UPLOAD_THIS_all-other-articles_two-week-schedule.csv,UPLOAD_THIS_all-other-articles_two-week-schedule.csv,Historical CSV record; handoff status unknown,,No,,,,2026-08-14,2026-08-12
dark-academia-journal-pages-with-candlelit-color,https://sentimentalica.com/blog/dark-academia-journal-pages-with-candlelit-color.html,https://sentimentalica.com/blog/img/dark-academia-journal-pages-with-candlelit-color/page4.jpg,UPLOAD_THIS_all-other-articles_two-week-schedule.csv,UPLOAD_THIS_all-other-articles_two-week-schedule.csv,Historical CSV record; handoff status unknown,,No,,,,2026-08-14,2026-08-12
duck-egg-faded-rose-parchment-and-walnut-wallpaper-palette,https://sentimentalica.com/blog/duck-egg-faded-rose-parchment-and-walnut-wallpaper-palette.html,https://sentimentalica.com/blog/img/duck-egg-faded-rose-parchment-and-walnut-wallpaper-palette/palette.png,UPLOAD_THIS_11_articles_2026-08-29.csv,UPLOAD_THIS_11_articles_2026-08-29.csv,CSV provided to Ksenia; Pinterest upload not confirmed,2026-08-20,No,,,,2026-08-29,2026-08-20
duck-egg-faded-rose-parchment-and-walnut-wallpaper-palette,https://sentimentalica.com/blog/duck-egg-faded-rose-parchment-and-walnut-wallpaper-palette.html,https://sentimentalica.com/blog/img/duck-egg-faded-rose-parchment-and-walnut-wallpaper-palette/scene.png,UPLOAD_THIS_11_articles_2026-08-29.csv,UPLOAD_THIS_11_articles_2026-08-29.csv,CSV provided to Ksenia; Pinterest upload not confirmed,2026-08-20,No,,,,2026-08-29,2026-08-20
early-spring-junk-journal-color-palette,https://sentimentalica.com/blog/early-spring-junk-journal-color-palette.html,https://sentimentalica.com/blog/img/early-spring-junk-journal-color-palette/gen1.png,UPLOAD_THIS_latest-11-articles_2026-08-18_to_2026-08-21.csv,UPLOAD_THIS_latest-11-articles_2026-08-18_to_2026-08-21.csv,CSV provided to Ksenia; Pinterest upload not confirmed,2026-08-14,No,,,,2026-08-20,2026-08-14
early-spring-junk-journal-color-palette,https://sentimentalica.com/blog/early-spring-junk-journal-color-palette.html,https://sentimentalica.com/blog/img/early-spring-junk-journal-color-palette/gen2.png,UPLOAD_THIS_latest-11-articles_2026-08-18_to_2026-08-21.csv,UPLOAD_THIS_latest-11-articles_2026-08-18_to_2026-08-21.csv,CSV provided to Ksenia; Pinterest upload not confirmed,2026-08-14,No,,,,2026-08-20,2026-08-14
easter-junk-journal-ideas-that-feel-collected-not-themed,https://sentimentalica.com/blog/easter-junk-journal-ideas-that-feel-collected-not-themed.html,https://sentimentalica.com/blog/img/easter-junk-journal-ideas-that-feel-collected-not-themed/antique-easter-eggs-page.jpg,UPLOAD_THIS_latest-articles_five-day-schedule_2026-08-12.csv,UPLOAD_THIS_latest-articles_five-day-schedule_2026-08-12.csv,Pinterest upload confirmed by Ksenia,2026-08-12,Yes,2026-08-12,Accepted,,2026-08-16,2026-08-12
easter-junk-journal-ideas-that-feel-collected-not-themed,https://sentimentalica.com/blog/easter-junk-journal-ideas-that-feel-collected-not-themed.html,https://sentimentalica.com/blog/img/easter-junk-journal-ideas-that-feel-collected-not-themed/cherry-blossom-page.jpg,UPLOAD_THIS_latest-articles_five-day-schedule_2026-08-12.csv,UPLOAD_THIS_latest-articles_five-day-schedule_2026-08-12.csv,Pinterest upload confirmed by Ksenia,2026-08-12,Yes,2026-08-12,Accepted,,2026-08-13,2026-08-12
easter-junk-journal-ideas-that-feel-collected-not-themed,https://sentimentalica.com/blog/easter-junk-journal-ideas-that-feel-collected-not-themed.html,https://sentimentalica.com/blog/img/easter-junk-journal-ideas-that-feel-collected-not-themed/gen1.png,UPLOAD_THIS_latest-articles_five-day-schedule_2026-08-12.csv,UPLOAD_THIS_latest-articles_five-day-schedule_2026-08-12.csv,Pinterest upload confirmed by Ksenia,2026-08-12,Yes,2026-08-12,Accepted,,2026-08-14,2026-08-12
easter-junk-journal-ideas-that-feel-collected-not-themed,https://sentimentalica.com/blog/easter-junk-journal-ideas-that-feel-collected-not-themed.html,https://sentimentalica.com/blog/img/easter-junk-journal-ideas-that-feel-collected-not-themed/gen2.png,UPLOAD_THIS_latest-articles_five-day-schedule_2026-08-12.csv,UPLOAD_THIS_latest-articles_five-day-schedule_2026-08-12.csv,Pinterest upload confirmed by Ksenia,2026-08-12,Yes,2026-08-12,Accepted,,2026-08-14,2026-08-12
easter-junk-journal-ideas-that-feel-collected-not-themed,https://sentimentalica.com/blog/easter-junk-journal-ideas-that-feel-collected-not-themed.html,https://sentimentalica.com/blog/img/easter-junk-journal-ideas-that-feel-collected-not-themed/gen4.png,UPLOAD_THIS_latest-articles_five-day-schedule_2026-08-12.csv,UPLOAD_THIS_latest-articles_five-day-schedule_2026-08-12.csv,Pinterest upload confirmed by Ksenia,2026-08-12,Yes,2026-08-12,Accepted,,2026-08-14,2026-08-12
easter-junk-journal-ideas-that-feel-collected-not-themed,https://sentimentalica.com/blog/easter-junk-journal-ideas-that-feel-collected-not-themed.html,https://sentimentalica.com/blog/img/easter-junk-journal-ideas-that-feel-collected-not-themed/palette-antique-easter.jpg,UPLOAD_THIS_latest-articles_five-day-schedule_2026-08-12.csv,UPLOAD_THIS_latest-articles_five-day-schedule_2026-08-12.csv,Pinterest upload confirmed by Ksenia,2026-08-12,Yes,2026-08-12,Accepted,,2026-08-12,2026-08-12
easter-junk-journal-ideas-that-feel-collected-not-themed,https://sentimentalica.com/blog/easter-junk-journal-ideas-that-feel-collected-not-themed.html,https://sentimentalica.com/blog/img/easter-junk-journal-ideas-that-feel-collected-not-themed/palette-spring-orchard.jpg,UPLOAD_THIS_latest-articles_five-day-schedule_2026-08-12.csv,UPLOAD_THIS_latest-articles_five-day-schedule_2026-08-12.csv,Pinterest upload confirmed by Ksenia,2026-08-12,Yes,2026-08-12,Accepted,,2026-08-14,2026-08-12
easter-junk-journal-ideas-that-feel-collected-not-themed,https://sentimentalica.com/blog/easter-junk-journal-ideas-that-feel-collected-not-themed.html,https://sentimentalica.com/blog/img/easter-junk-journal-ideas-that-feel-collected-not-themed/spring-orchard-eggs-page.jpg,UPLOAD_THIS_latest-articles_five-day-schedule_2026-08-12.csv,UPLOAD_THIS_latest-articles_five-day-schedule_2026-08-12.csv,Pinterest upload confirmed by Ksenia,2026-08-12,Yes,2026-08-12,Accepted,,2026-08-15,2026-08-12
easter-memory-pocket-for-family-traditions,https://sentimentalica.com/blog/easter-memory-pocket-for-family-traditions.html,https://sentimentalica.com/blog/img/easter-memory-pocket-for-family-traditions/gen1.png,UPLOAD_THIS_latest-11-articles_2026-08-18_to_2026-08-21.csv,UPLOAD_THIS_latest-11-articles_2026-08-18_to_2026-08-21.csv,CSV provided to Ksenia; Pinterest upload not confirmed,2026-08-14,No,,,,2026-08-18,2026-08-14
easter-memory-pocket-for-family-traditions,https://sentimentalica.com/blog/easter-memory-pocket-for-family-traditions.html,https://sentimentalica.com/blog/img/easter-memory-pocket-for-family-traditions/gen2.png,UPLOAD_THIS_latest-11-articles_2026-08-18_to_2026-08-21.csv,UPLOAD_THIS_latest-11-articles_2026-08-18_to_2026-08-21.csv,CSV provided to Ksenia; Pinterest upload not confirmed,2026-08-14,No,,,,2026-08-18,2026-08-14
easter-recipe-memory-page,https://sentimentalica.com/blog/easter-recipe-memory-page.html,https://sentimentalica.com/blog/img/easter-recipe-memory-page/gen1.png,UPLOAD_THIS_latest-11-articles_2026-08-18_to_2026-08-21.csv,UPLOAD_THIS_latest-11-articles_2026-08-18_to_2026-08-21.csv,CSV provided to Ksenia; Pinterest upload not confirmed,2026-08-14,No,,,,2026-08-20,2026-08-14
easter-recipe-memory-page,https://sentimentalica.com/blog/easter-recipe-memory-page.html,https://sentimentalica.com/blog/img/easter-recipe-memory-page/gen2.png,UPLOAD_THIS_latest-11-articles_2026-08-18_to_2026-08-21.csv,UPLOAD_THIS_latest-11-articles_2026-08-18_to_2026-08-21.csv,CSV provided to Ksenia; Pinterest upload not confirmed,2026-08-14,No,,,,2026-08-21,2026-08-14
fantasy-wallpaper-art-that-leaves-room-for-your-lock-screen,https://sentimentalica.com/blog/fantasy-wallpaper-art-that-leaves-room-for-your-lock-screen.html,https://sentimentalica.com/blog/img/fantasy-wallpaper-art-that-leaves-room-for-your-lock-screen/gen1.png,UPLOAD_THIS_latest-articles_five-day-schedule_2026-08-12.csv,UPLOAD_THIS_latest-articles_five-day-schedule_2026-08-12.csv,Pinterest upload confirmed by Ksenia,2026-08-12,Yes,2026-08-12,Accepted,,2026-08-15,2026-08-12
fantasy-wallpaper-art-that-leaves-room-for-your-lock-screen,https://sentimentalica.com/blog/fantasy-wallpaper-art-that-leaves-room-for-your-lock-screen.html,https://sentimentalica.com/blog/img/fantasy-wallpaper-art-that-leaves-room-for-your-lock-screen/gen2.png,UPLOAD_THIS_latest-articles_five-day-schedule_2026-08-12.csv,UPLOAD_THIS_latest-articles_five-day-schedule_2026-08-12.csv,Pinterest upload confirmed by Ksenia,2026-08-12,Yes,2026-08-12,Accepted,,2026-08-12,2026-08-12
fantasy-wallpaper-art-that-leaves-room-for-your-lock-screen,https://sentimentalica.com/blog/fantasy-wallpaper-art-that-leaves-room-for-your-lock-screen.html,https://sentimentalica.com/blog/img/fantasy-wallpaper-art-that-leaves-room-for-your-lock-screen/gen3.png,UPLOAD_THIS_latest-articles_five-day-schedule_2026-08-12.csv,UPLOAD_THIS_latest-articles_five-day-schedule_2026-08-12.csv,Pinterest upload confirmed by Ksenia,2026-08-12,Yes,2026-08-12,Accepted,,2026-08-15,2026-08-12
fantasy-wallpaper-art-that-leaves-room-for-your-lock-screen,https://sentimentalica.com/blog/fantasy-wallpaper-art-that-leaves-room-for-your-lock-screen.html,https://sentimentalica.com/blog/img/fantasy-wallpaper-art-that-leaves-room-for-your-lock-screen/page1.jpg,UPLOAD_THIS_latest-articles_five-day-schedule_2026-08-12.csv,UPLOAD_THIS_latest-articles_five-day-schedule_2026-08-12.csv,Pinterest upload confirmed by Ksenia,2026-08-12,Yes,2026-08-12,Accepted,,2026-08-14,2026-08-12
fantasy-wallpaper-art-that-leaves-room-for-your-lock-screen,https://sentimentalica.com/blog/fantasy-wallpaper-art-that-leaves-room-for-your-lock-screen.html,https://sentimentalica.com/blog/img/fantasy-wallpaper-art-that-leaves-room-for-your-lock-screen/page2.jpg,UPLOAD_THIS_latest-articles_five-day-schedule_2026-08-12.csv,UPLOAD_RETRY_ONLY_38-duplicate-titles-fixed_2026-08-12.csv | UPLOAD_THIS_latest-articles_five-day-schedule_2026-08-12.csv,CSV provided to Ksenia; Pinterest upload not confirmed,2026-08-12,No,,Rejected,Multiples rows with the same title,2026-08-16,2026-08-12
fantasy-wallpaper-art-that-leaves-room-for-your-lock-screen,https://sentimentalica.com/blog/fantasy-wallpaper-art-that-leaves-room-for-your-lock-screen.html,https://sentimentalica.com/blog/img/fantasy-wallpaper-art-that-leaves-room-for-your-lock-screen/page3.jpg,UPLOAD_THIS_latest-articles_five-day-schedule_2026-08-12.csv,UPLOAD_THIS_latest-articles_five-day-schedule_2026-08-12.csv,Pinterest upload confirmed by Ksenia,2026-08-12,Yes,2026-08-12,Accepted,,2026-08-13,2026-08-12
fantasy-wallpaper-art-that-leaves-room-for-your-lock-screen,https://sentimentalica.com/blog/fantasy-wallpaper-art-that-leaves-room-for-your-lock-screen.html,https://sentimentalica.com/blog/img/fantasy-wallpaper-art-that-leaves-room-for-your-lock-screen/palette1.jpg,UPLOAD_THIS_latest-articles_five-day-schedule_2026-08-12.csv,UPLOAD_THIS_latest-articles_five-day-schedule_2026-08-12.csv,Pinterest upload confirmed by Ksenia,2026-08-12,Yes,2026-08-12,Accepted,,2026-08-15,2026-08-12
fantasy-wallpaper-art-that-leaves-room-for-your-lock-screen,https://sentimentalica.com/blog/fantasy-wallpaper-art-that-leaves-room-for-your-lock-screen.html,https://sentimentalica.com/blog/img/fantasy-wallpaper-art-that-leaves-room-for-your-lock-screen/palette2.jpg,UPLOAD_THIS_latest-articles_five-day-schedule_2026-08-12.csv,UPLOAD_THIS_latest-articles_five-day-schedule_2026-08-12.csv,Pinterest upload confirmed by Ksenia,2026-08-12,Yes,2026-08-12,Accepted,,2026-08-15,2026-08-12
farmhouse-animal-journal-ideas-for-country-pages,https://sentimentalica.com/blog/farmhouse-animal-journal-ideas-for-country-pages.html,https://sentimentalica.com/blog/img/farmhouse-animal-journal-ideas-for-country-pages/gen1.jpg,158_Farm_Friends.csv,158_Farm_Friends.csv | UPLOAD_THIS_all-other-articles_two-week-schedule.csv,Historical CSV record; handoff status unknown,,No,,,,2026-08-19,2026-08-12
farmhouse-animal-journal-ideas-for-country-pages,https://sentimentalica.com/blog/farmhouse-animal-journal-ideas-for-country-pages.html,https://sentimentalica.com/blog/img/farmhouse-animal-journal-ideas-for-country-pages/gen2.jpg,UPLOAD_THIS_all-other-articles_two-week-schedule.csv,UPLOAD_THIS_all-other-articles_two-week-schedule.csv,Historical CSV record; handoff status unknown,,No,,,,2026-08-19,2026-08-12
farmhouse-animal-journal-ideas-for-country-pages,https://sentimentalica.com/blog/farmhouse-animal-journal-ideas-for-country-pages.html,https://sentimentalica.com/blog/img/farmhouse-animal-journal-ideas-for-country-pages/gen3.jpg,UPLOAD_THIS_all-other-articles_two-week-schedule.csv,UPLOAD_THIS_all-other-articles_two-week-schedule.csv,Historical CSV record; handoff status unknown,,No,,,,2026-08-19,2026-08-12
farmhouse-animal-journal-ideas-for-country-pages,https://sentimentalica.com/blog/farmhouse-animal-journal-ideas-for-country-pages.html,https://sentimentalica.com/blog/img/farmhouse-animal-journal-ideas-for-country-pages/gen6.jpg,UPLOAD_THIS_all-other-articles_two-week-schedule.csv,UPLOAD_THIS_all-other-articles_two-week-schedule.csv,Historical CSV record; handoff status unknown,,No,,,,2026-08-19,2026-08-12
farmhouse-animal-journal-ideas-for-country-pages,https://sentimentalica.com/blog/farmhouse-animal-journal-ideas-for-country-pages.html,https://sentimentalica.com/blog/img/farmhouse-animal-journal-ideas-for-country-pages/gen7.jpg,UPLOAD_THIS_all-other-articles_two-week-schedule.csv,UPLOAD_THIS_all-other-articles_two-week-schedule.csv,Historical CSV record; handoff status unknown,,No,,,,2026-08-19,2026-08-12
farmhouse-animal-journal-ideas-for-country-pages,https://sentimentalica.com/blog/farmhouse-animal-journal-ideas-for-country-pages.html,https://sentimentalica.com/blog/img/farmhouse-animal-journal-ideas-for-country-pages/page1.jpg,UPLOAD_THIS_all-other-articles_two-week-schedule.csv,UPLOAD_THIS_all-other-articles_two-week-schedule.csv,Historical CSV record; handoff status unknown,,No,,,,2026-08-19,2026-08-12
farmhouse-animal-journal-ideas-for-country-pages,https://sentimentalica.com/blog/farmhouse-animal-journal-ideas-for-country-pages.html,https://sentimentalica.com/blog/img/farmhouse-animal-journal-ideas-for-country-pages/page4.jpg,UPLOAD_THIS_all-other-articles_two-week-schedule.csv,UPLOAD_THIS_all-other-articles_two-week-schedule.csv,Historical CSV record; handoff status unknown,,No,,,,2026-08-19,2026-08-12
farmhouse-animal-journal-ideas-for-country-pages,https://sentimentalica.com/blog/farmhouse-animal-journal-ideas-for-country-pages.html,https://sentimentalica.com/blog/img/farmhouse-animal-journal-ideas-for-country-pages/page5.jpg,UPLOAD_THIS_all-other-articles_two-week-schedule.csv,UPLOAD_THIS_all-other-articles_two-week-schedule.csv,Historical CSV record; handoff status unknown,,No,,,,2026-08-19,2026-08-12
first-junk-journal-pocket-in-four-steps,https://sentimentalica.com/blog/first-junk-journal-pocket-in-four-steps.html,https://sentimentalica.com/blog/img/first-junk-journal-pocket-in-four-steps/gen1.png,UPLOAD_THIS_latest-11-articles_2026-08-18_to_2026-08-21.csv,UPLOAD_THIS_latest-11-articles_2026-08-18_to_2026-08-21.csv,CSV provided to Ksenia; Pinterest upload not confirmed,2026-08-14,No,,,,2026-08-21,2026-08-14
first-junk-journal-pocket-in-four-steps,https://sentimentalica.com/blog/first-junk-journal-pocket-in-four-steps.html,https://sentimentalica.com/blog/img/first-junk-journal-pocket-in-four-steps/gen2.png,UPLOAD_THIS_latest-11-articles_2026-08-18_to_2026-08-21.csv,UPLOAD_THIS_latest-11-articles_2026-08-18_to_2026-08-21.csv,CSV provided to Ksenia; Pinterest upload not confirmed,2026-08-14,No,,,,2026-08-21,2026-08-14
first-junk-journal-spread-with-five-things,https://sentimentalica.com/blog/first-junk-journal-spread-with-five-things.html,https://sentimentalica.com/blog/img/first-junk-journal-spread-with-five-things/gen1.png,UPLOAD_THIS_latest-11-articles_2026-08-18_to_2026-08-21.csv,UPLOAD_THIS_latest-11-articles_2026-08-18_to_2026-08-21.csv,CSV provided to Ksenia; Pinterest upload not confirmed,2026-08-14,No,,,,2026-08-19,2026-08-14
first-junk-journal-spread-with-five-things,https://sentimentalica.com/blog/first-junk-journal-spread-with-five-things.html,https://sentimentalica.com/blog/img/first-junk-journal-spread-with-five-things/gen2.png,UPLOAD_THIS_latest-11-articles_2026-08-18_to_2026-08-21.csv,UPLOAD_THIS_latest-11-articles_2026-08-18_to_2026-08-21.csv,CSV provided to Ksenia; Pinterest upload not confirmed,2026-08-14,No,,,,2026-08-19,2026-08-14
five-paper-distressing-effects-from-one-cream-sheet,https://sentimentalica.com/blog/five-paper-distressing-effects-from-one-cream-sheet.html,https://sentimentalica.com/blog/img/five-paper-distressing-effects-from-one-cream-sheet/infographic.png,UPLOAD_THIS_11_articles_2026-08-29.csv,UPLOAD_THIS_11_articles_2026-08-29.csv,CSV provided to Ksenia; Pinterest upload not confirmed,2026-08-20,No,,,,2026-08-29,2026-08-20
five-paper-distressing-effects-from-one-cream-sheet,https://sentimentalica.com/blog/five-paper-distressing-effects-from-one-cream-sheet.html,https://sentimentalica.com/blog/img/five-paper-distressing-effects-from-one-cream-sheet/scene.png,UPLOAD_THIS_11_articles_2026-08-29.csv,UPLOAD_THIS_11_articles_2026-08-29.csv,CSV provided to Ksenia; Pinterest upload not confirmed,2026-08-20,No,,,,2026-08-29,2026-08-20
foxglove-hollow-woodland-journal-color-palette,https://sentimentalica.com/blog/foxglove-hollow-woodland-journal-color-palette.html,https://sentimentalica.com/blog/img/foxglove-hollow-woodland-journal-color-palette/atmospheric.png,UPLOAD_THIS_five-palette-articles_2026-08-22_to_2026-08-24.csv,UPLOAD_THIS_five-palette-articles_2026-08-22_to_2026-08-24.csv,CSV provided to Ksenia; Pinterest upload not confirmed,2026-08-14,No,,,,2026-08-24,2026-08-14
foxglove-hollow-woodland-journal-color-palette,https://sentimentalica.com/blog/foxglove-hollow-woodland-journal-color-palette.html,https://sentimentalica.com/blog/img/foxglove-hollow-woodland-journal-color-palette/page-1.jpg,UPLOAD_THIS_five-palette-articles_2026-08-22_to_2026-08-24.csv,UPLOAD_THIS_five-palette-articles_2026-08-22_to_2026-08-24.csv,CSV provided to Ksenia; Pinterest upload not confirmed,2026-08-14,No,,,,2026-08-23,2026-08-14
foxglove-hollow-woodland-journal-color-palette,https://sentimentalica.com/blog/foxglove-hollow-woodland-journal-color-palette.html,https://sentimentalica.com/blog/img/foxglove-hollow-woodland-journal-color-palette/page-2.jpg,UPLOAD_THIS_five-palette-articles_2026-08-22_to_2026-08-24.csv,UPLOAD_THIS_five-palette-articles_2026-08-22_to_2026-08-24.csv,CSV provided to Ksenia; Pinterest upload not confirmed,2026-08-14,No,,,,2026-08-24,2026-08-14
foxglove-hollow-woodland-journal-color-palette,https://sentimentalica.com/blog/foxglove-hollow-woodland-journal-color-palette.html,https://sentimentalica.com/blog/img/foxglove-hollow-woodland-journal-color-palette/page-3.jpg,UPLOAD_THIS_five-palette-articles_2026-08-22_to_2026-08-24.csv,UPLOAD_THIS_five-palette-articles_2026-08-22_to_2026-08-24.csv,CSV provided to Ksenia; Pinterest upload not confirmed,2026-08-14,No,,,,2026-08-22,2026-08-14
foxglove-hollow-woodland-journal-color-palette,https://sentimentalica.com/blog/foxglove-hollow-woodland-journal-color-palette.html,https://sentimentalica.com/blog/img/foxglove-hollow-woodland-journal-color-palette/palette-1.jpg,UPLOAD_THIS_five-palette-articles_2026-08-22_to_2026-08-24.csv,UPLOAD_THIS_five-palette-articles_2026-08-22_to_2026-08-24.csv,CSV provided to Ksenia; Pinterest upload not confirmed,2026-08-14,No,,,,2026-08-22,2026-08-14
foxglove-hollow-woodland-journal-color-palette,https://sentimentalica.com/blog/foxglove-hollow-woodland-journal-color-palette.html,https://sentimentalica.com/blog/img/foxglove-hollow-woodland-journal-color-palette/palette-2.jpg,UPLOAD_THIS_five-palette-articles_2026-08-22_to_2026-08-24.csv,UPLOAD_THIS_five-palette-articles_2026-08-22_to_2026-08-24.csv,CSV provided to Ksenia; Pinterest upload not confirmed,2026-08-14,No,,,,2026-08-23,2026-08-14
foxglove-hollow-woodland-journal-color-palette,https://sentimentalica.com/blog/foxglove-hollow-woodland-journal-color-palette.html,https://sentimentalica.com/blog/img/foxglove-hollow-woodland-journal-color-palette/palette-3.jpg,UPLOAD_THIS_five-palette-articles_2026-08-22_to_2026-08-24.csv,UPLOAD_THIS_five-palette-articles_2026-08-22_to_2026-08-24.csv,CSV provided to Ksenia; Pinterest upload not confirmed,2026-08-14,No,,,,2026-08-22,2026-08-14
foxglove-hollow-woodland-journal-color-palette,https://sentimentalica.com/blog/foxglove-hollow-woodland-journal-color-palette.html,https://sentimentalica.com/blog/img/foxglove-hollow-woodland-journal-color-palette/process.png,UPLOAD_THIS_five-palette-articles_2026-08-22_to_2026-08-24.csv,UPLOAD_THIS_five-palette-articles_2026-08-22_to_2026-08-24.csv,CSV provided to Ksenia; Pinterest upload not confirmed,2026-08-14,No,,,,2026-08-24,2026-08-14
frost-pine-wool-and-berry-a-winter-journal-palette,https://sentimentalica.com/blog/frost-pine-wool-and-berry-a-winter-journal-palette.html,https://sentimentalica.com/blog/img/frost-pine-wool-and-berry-a-winter-journal-palette/palette.png,UPLOAD_THIS_11_articles_2026-08-29.csv,UPLOAD_THIS_11_articles_2026-08-29.csv,CSV provided to Ksenia; Pinterest upload not confirmed,2026-08-20,No,,,,2026-08-29,2026-08-20
frost-pine-wool-and-berry-a-winter-journal-palette,https://sentimentalica.com/blog/frost-pine-wool-and-berry-a-winter-journal-palette.html,https://sentimentalica.com/blog/img/frost-pine-wool-and-berry-a-winter-journal-palette/scene.png,UPLOAD_THIS_11_articles_2026-08-29.csv,UPLOAD_THIS_11_articles_2026-08-29.csv,CSV provided to Ksenia; Pinterest upload not confirmed,2026-08-20,No,,,,2026-08-29,2026-08-20
garden-joy-junk-journal-ideas-for-soft-floral-pages,https://sentimentalica.com/blog/garden-joy-junk-journal-ideas-for-soft-floral-pages.html,https://sentimentalica.com/blog/img/garden-joy-junk-journal-ideas-for-soft-floral-pages/gen1.jpg,198_Garden_Joy.csv,198_Garden_Joy.csv | UPLOAD_THIS_all-other-articles_two-week-schedule.csv,Historical CSV record; handoff status unknown,,No,,,,2026-07-25 | 2026-08-15,2026-08-12
garden-joy-junk-journal-ideas-for-soft-floral-pages,https://sentimentalica.com/blog/garden-joy-junk-journal-ideas-for-soft-floral-pages.html,https://sentimentalica.com/blog/img/garden-joy-junk-journal-ideas-for-soft-floral-pages/gen2.jpg,UPLOAD_THIS_all-other-articles_two-week-schedule.csv,UPLOAD_THIS_all-other-articles_two-week-schedule.csv,Historical CSV record; handoff status unknown,,No,,,,2026-08-15,2026-08-12
garden-joy-junk-journal-ideas-for-soft-floral-pages,https://sentimentalica.com/blog/garden-joy-junk-journal-ideas-for-soft-floral-pages.html,https://sentimentalica.com/blog/img/garden-joy-junk-journal-ideas-for-soft-floral-pages/gen3.jpg,UPLOAD_THIS_all-other-articles_two-week-schedule.csv,UPLOAD_THIS_all-other-articles_two-week-schedule.csv,Historical CSV record; handoff status unknown,,No,,,,2026-08-15,2026-08-12
garden-joy-junk-journal-ideas-for-soft-floral-pages,https://sentimentalica.com/blog/garden-joy-junk-journal-ideas-for-soft-floral-pages.html,https://sentimentalica.com/blog/img/garden-joy-junk-journal-ideas-for-soft-floral-pages/gen4.jpg,198_Garden_Joy.csv,198_Garden_Joy.csv | UPLOAD_THIS_all-other-articles_two-week-schedule.csv,Historical CSV record; handoff status unknown,,No,,,,2026-07-26 | 2026-08-15,2026-08-12
garden-joy-junk-journal-ideas-for-soft-floral-pages,https://sentimentalica.com/blog/garden-joy-junk-journal-ideas-for-soft-floral-pages.html,https://sentimentalica.com/blog/img/garden-joy-junk-journal-ideas-for-soft-floral-pages/gen5.jpg,198_Garden_Joy.csv,198_Garden_Joy.csv | UPLOAD_THIS_all-other-articles_two-week-schedule.csv,Historical CSV record; handoff status unknown,,No,,,,2026-07-27 | 2026-08-15,2026-08-12
garden-joy-junk-journal-ideas-for-soft-floral-pages,https://sentimentalica.com/blog/garden-joy-junk-journal-ideas-for-soft-floral-pages.html,https://sentimentalica.com/blog/img/garden-joy-junk-journal-ideas-for-soft-floral-pages/page1.jpg,UPLOAD_THIS_all-other-articles_two-week-schedule.csv,UPLOAD_THIS_all-other-articles_two-week-schedule.csv,Historical CSV record; handoff status unknown,,No,,,,2026-08-15,2026-08-12
garden-joy-junk-journal-ideas-for-soft-floral-pages,https://sentimentalica.com/blog/garden-joy-junk-journal-ideas-for-soft-floral-pages.html,https://sentimentalica.com/blog/img/garden-joy-junk-journal-ideas-for-soft-floral-pages/page2.jpg,UPLOAD_THIS_all-other-articles_two-week-schedule.csv,UPLOAD_THIS_all-other-articles_two-week-schedule.csv,Historical CSV record; handoff status unknown,,No,,,,2026-08-15,2026-08-12
garden-joy-junk-journal-ideas-for-soft-floral-pages,https://sentimentalica.com/blog/garden-joy-junk-journal-ideas-for-soft-floral-pages.html,https://sentimentalica.com/blog/img/garden-joy-junk-journal-ideas-for-soft-floral-pages/page3.jpg,UPLOAD_THIS_all-other-articles_two-week-schedule.csv,UPLOAD_THIS_all-other-articles_two-week-schedule.csv,Historical CSV record; handoff status unknown,,No,,,,2026-08-15,2026-08-12
gilded-blush-elegant-journal-color-palette,https://sentimentalica.com/blog/gilded-blush-elegant-journal-color-palette.html,https://sentimentalica.com/blog/img/gilded-blush-elegant-journal-color-palette/atmospheric.png,UPLOAD_THIS_five-palette-articles_2026-08-22_to_2026-08-24.csv,UPLOAD_THIS_five-palette-articles_2026-08-22_to_2026-08-24.csv,CSV provided to Ksenia; Pinterest upload not confirmed,2026-08-14,No,,,,2026-08-23,2026-08-14
gilded-blush-elegant-journal-color-palette,https://sentimentalica.com/blog/gilded-blush-elegant-journal-color-palette.html,https://sentimentalica.com/blog/img/gilded-blush-elegant-journal-color-palette/page-1.jpg,UPLOAD_THIS_five-palette-articles_2026-08-22_to_2026-08-24.csv,UPLOAD_THIS_five-palette-articles_2026-08-22_to_2026-08-24.csv,CSV provided to Ksenia; Pinterest upload not confirmed,2026-08-14,No,,,,2026-08-22,2026-08-14
gilded-blush-elegant-journal-color-palette,https://sentimentalica.com/blog/gilded-blush-elegant-journal-color-palette.html,https://sentimentalica.com/blog/img/gilded-blush-elegant-journal-color-palette/page-2.jpg,UPLOAD_THIS_five-palette-articles_2026-08-22_to_2026-08-24.csv,UPLOAD_THIS_five-palette-articles_2026-08-22_to_2026-08-24.csv,CSV provided to Ksenia; Pinterest upload not confirmed,2026-08-14,No,,,,2026-08-23,2026-08-14
gilded-blush-elegant-journal-color-palette,https://sentimentalica.com/blog/gilded-blush-elegant-journal-color-palette.html,https://sentimentalica.com/blog/img/gilded-blush-elegant-journal-color-palette/page-3.jpg,UPLOAD_THIS_five-palette-articles_2026-08-22_to_2026-08-24.csv,UPLOAD_THIS_five-palette-articles_2026-08-22_to_2026-08-24.csv,CSV provided to Ksenia; Pinterest upload not confirmed,2026-08-14,No,,,,2026-08-24,2026-08-14
gilded-blush-elegant-journal-color-palette,https://sentimentalica.com/blog/gilded-blush-elegant-journal-color-palette.html,https://sentimentalica.com/blog/img/gilded-blush-elegant-journal-color-palette/palette-1.jpg,UPLOAD_THIS_five-palette-articles_2026-08-22_to_2026-08-24.csv,UPLOAD_THIS_five-palette-articles_2026-08-22_to_2026-08-24.csv,CSV provided to Ksenia; Pinterest upload not confirmed,2026-08-14,No,,,,2026-08-24,2026-08-14
gilded-blush-elegant-journal-color-palette,https://sentimentalica.com/blog/gilded-blush-elegant-journal-color-palette.html,https://sentimentalica.com/blog/img/gilded-blush-elegant-journal-color-palette/palette-2.jpg,UPLOAD_THIS_five-palette-articles_2026-08-22_to_2026-08-24.csv,UPLOAD_THIS_five-palette-articles_2026-08-22_to_2026-08-24.csv,CSV provided to Ksenia; Pinterest upload not confirmed,2026-08-14,No,,,,2026-08-22,2026-08-14
gilded-blush-elegant-journal-color-palette,https://sentimentalica.com/blog/gilded-blush-elegant-journal-color-palette.html,https://sentimentalica.com/blog/img/gilded-blush-elegant-journal-color-palette/palette-3.jpg,UPLOAD_THIS_five-palette-articles_2026-08-22_to_2026-08-24.csv,UPLOAD_THIS_five-palette-articles_2026-08-22_to_2026-08-24.csv,CSV provided to Ksenia; Pinterest upload not confirmed,2026-08-14,No,,,,2026-08-24,2026-08-14
gilded-blush-elegant-journal-color-palette,https://sentimentalica.com/blog/gilded-blush-elegant-journal-color-palette.html,https://sentimentalica.com/blog/img/gilded-blush-elegant-journal-color-palette/process.png,UPLOAD_THIS_five-palette-articles_2026-08-22_to_2026-08-24.csv,UPLOAD_THIS_five-palette-articles_2026-08-22_to_2026-08-24.csv,CSV provided to Ksenia; Pinterest upload not confirmed,2026-08-14,No,,,,2026-08-23,2026-08-14
glue-mistakes-to-avoid-in-a-junk-journal,https://sentimentalica.com/blog/glue-mistakes-to-avoid-in-a-junk-journal.html,https://sentimentalica.com/blog/img/glue-mistakes-to-avoid-in-a-junk-journal/gen1.png,UPLOAD_THIS_latest-11-articles_2026-08-18_to_2026-08-21.csv,UPLOAD_THIS_latest-11-articles_2026-08-18_to_2026-08-21.csv,CSV provided to Ksenia; Pinterest upload not confirmed,2026-08-14,No,,,,2026-08-19,2026-08-14
glue-mistakes-to-avoid-in-a-junk-journal,https://sentimentalica.com/blog/glue-mistakes-to-avoid-in-a-junk-journal.html,https://sentimentalica.com/blog/img/glue-mistakes-to-avoid-in-a-junk-journal/gen2.png,UPLOAD_THIS_latest-11-articles_2026-08-18_to_2026-08-21.csv,UPLOAD_THIS_latest-11-articles_2026-08-18_to_2026-08-21.csv,CSV provided to Ksenia; Pinterest upload not confirmed,2026-08-14,No,,,,2026-08-19,2026-08-14
halloween-junk-journal-pockets-for-secrets-spells-and-small-stories,https://sentimentalica.com/blog/halloween-junk-journal-pockets-for-secrets-spells-and-small-stories.html,https://sentimentalica.com/blog/img/halloween-junk-journal-pockets-for-secrets-spells-and-small-stories/gen1.png,UPLOAD_TODAY_five-seasonal-articles_2026-08-13.csv,UPLOAD_TODAY_five-seasonal-articles_2026-08-13.csv,CSV provided to Ksenia; Pinterest upload not confirmed,2026-08-13,No,,,,2026-08-13,2026-08-13
halloween-junk-journal-pockets-for-secrets-spells-and-small-stories,https://sentimentalica.com/blog/halloween-junk-journal-pockets-for-secrets-spells-and-small-stories.html,https://sentimentalica.com/blog/img/halloween-junk-journal-pockets-for-secrets-spells-and-small-stories/gen2.png,UPLOAD_TODAY_five-seasonal-articles_2026-08-13.csv,UPLOAD_TODAY_five-seasonal-articles_2026-08-13.csv,CSV provided to Ksenia; Pinterest upload not confirmed,2026-08-13,No,,,,2026-08-13,2026-08-13
how-many-colors-should-a-junk-journal-page-have,https://sentimentalica.com/blog/how-many-colors-should-a-junk-journal-page-have.html,https://sentimentalica.com/blog/img/how-many-colors-should-a-junk-journal-page-have/gen1.jpg,035_Silk_Promise.csv,035_Silk_Promise.csv | UPLOAD_THIS_all-other-articles_two-week-schedule.csv,Historical CSV record; handoff status unknown,,No,,,,2026-08-11 | 2026-08-30,2026-08-12
how-many-colors-should-a-junk-journal-page-have,https://sentimentalica.com/blog/how-many-colors-should-a-junk-journal-page-have.html,https://sentimentalica.com/blog/img/how-many-colors-should-a-junk-journal-page-have/gen2.jpg,UPLOAD_THIS_all-other-articles_two-week-schedule.csv,UPLOAD_THIS_all-other-articles_two-week-schedule.csv,Historical CSV record; handoff status unknown,,No,,,,2026-08-11,2026-08-12
how-many-colors-should-a-junk-journal-page-have,https://sentimentalica.com/blog/how-many-colors-should-a-junk-journal-page-have.html,https://sentimentalica.com/blog/img/how-many-colors-should-a-junk-journal-page-have/gen3.jpg,035_Silk_Promise.csv,035_Silk_Promise.csv | UPLOAD_THIS_all-other-articles_two-week-schedule.csv,Historical CSV record; handoff status unknown,,No,,,,2026-08-11 | 2026-09-11,2026-08-12
how-many-colors-should-a-junk-journal-page-have,https://sentimentalica.com/blog/how-many-colors-should-a-junk-journal-page-have.html,https://sentimentalica.com/blog/img/how-many-colors-should-a-junk-journal-page-have/palette-golden-bridge.jpg,035_Silk_Promise.csv,035_Silk_Promise.csv | UPLOAD_THIS_all-other-articles_two-week-schedule.csv,Historical CSV record; handoff status unknown,,No,,,,2026-08-11 | 2026-09-05,2026-08-12
how-many-colors-should-a-junk-journal-page-have,https://sentimentalica.com/blog/how-many-colors-should-a-junk-journal-page-have.html,https://sentimentalica.com/blog/img/how-many-colors-should-a-junk-journal-page-have/palette-meadow-light.jpg,035_Silk_Promise.csv,035_Silk_Promise.csv | UPLOAD_THIS_all-other-articles_two-week-schedule.csv,Historical CSV record; handoff status unknown,,No,,,,2026-08-11 | 2026-09-08,2026-08-12
how-many-colors-should-a-junk-journal-page-have,https://sentimentalica.com/blog/how-many-colors-should-a-junk-journal-page-have.html,https://sentimentalica.com/blog/img/how-many-colors-should-a-junk-journal-page-have/palette-sage-garden.jpg,035_Silk_Promise.csv,035_Silk_Promise.csv | UPLOAD_THIS_all-other-articles_two-week-schedule.csv,Historical CSV record; handoff status unknown,,No,,,,2026-08-11 | 2026-09-02,2026-08-12
how-many-colors-should-a-junk-journal-page-have,https://sentimentalica.com/blog/how-many-colors-should-a-junk-journal-page-have.html,https://sentimentalica.com/blog/img/how-many-colors-should-a-junk-journal-page-have/silk-075.jpg,UPLOAD_THIS_all-other-articles_two-week-schedule.csv,UPLOAD_THIS_all-other-articles_two-week-schedule.csv,Historical CSV record; handoff status unknown,,No,,,,2026-08-11,2026-08-12
how-many-colors-should-a-junk-journal-page-have,https://sentimentalica.com/blog/how-many-colors-should-a-junk-journal-page-have.html,https://sentimentalica.com/blog/img/how-many-colors-should-a-junk-journal-page-have/silk-102.jpg,UPLOAD_THIS_all-other-articles_two-week-schedule.csv,UPLOAD_THIS_all-other-articles_two-week-schedule.csv,Historical CSV record; handoff status unknown,,No,,,,2026-08-11,2026-08-12
how-many-colors-should-a-junk-journal-page-have,https://sentimentalica.com/blog/how-many-colors-should-a-junk-journal-page-have.html,https://sentimentalica.com/blog/img/how-many-colors-should-a-junk-journal-page-have/silk-137.jpg,UPLOAD_THIS_all-other-articles_two-week-schedule.csv,UPLOAD_THIS_all-other-articles_two-week-schedule.csv,Historical CSV record; handoff status unknown,,No,,,,2026-08-11,2026-08-12
how-to-build-a-fantasy-junk-journal-that-feels-like-a-story,https://sentimentalica.com/blog/how-to-build-a-fantasy-junk-journal-that-feels-like-a-story.html,https://sentimentalica.com/blog/img/how-to-build-a-fantasy-junk-journal-that-feels-like-a-story/gen1.jpg,Dragon_Fire.csv,Dragon_Fire.csv | UPLOAD_THIS_all-other-articles_two-week-schedule.csv,Historical CSV record; handoff status unknown,,No,,,,2026-08-13 | 2026-08-16,2026-08-12
how-to-build-a-fantasy-junk-journal-that-feels-like-a-story,https://sentimentalica.com/blog/how-to-build-a-fantasy-junk-journal-that-feels-like-a-story.html,https://sentimentalica.com/blog/img/how-to-build-a-fantasy-junk-journal-that-feels-like-a-story/gen2.jpg,Dragon_Fire.csv,Dragon_Fire.csv | UPLOAD_THIS_all-other-articles_two-week-schedule.csv,Historical CSV record; handoff status unknown,,No,,,,2026-08-16 | 2026-08-23,2026-08-12
how-to-build-a-fantasy-junk-journal-that-feels-like-a-story,https://sentimentalica.com/blog/how-to-build-a-fantasy-junk-journal-that-feels-like-a-story.html,https://sentimentalica.com/blog/img/how-to-build-a-fantasy-junk-journal-that-feels-like-a-story/gen4.png,Dragon_Fire.csv,Dragon_Fire.csv | UPLOAD_THIS_all-other-articles_two-week-schedule.csv,Historical CSV record; handoff status unknown,,No,,,,2026-08-08 | 2026-08-16,2026-08-12
how-to-build-a-fantasy-junk-journal-that-feels-like-a-story,https://sentimentalica.com/blog/how-to-build-a-fantasy-junk-journal-that-feels-like-a-story.html,https://sentimentalica.com/blog/img/how-to-build-a-fantasy-junk-journal-that-feels-like-a-story/gen5.png,Dragon_Fire.csv,Dragon_Fire.csv | UPLOAD_THIS_all-other-articles_two-week-schedule.csv,Historical CSV record; handoff status unknown,,No,,,,2026-08-16 | 2026-08-18,2026-08-12
how-to-build-a-fantasy-junk-journal-that-feels-like-a-story,https://sentimentalica.com/blog/how-to-build-a-fantasy-junk-journal-that-feels-like-a-story.html,https://sentimentalica.com/blog/img/how-to-build-a-fantasy-junk-journal-that-feels-like-a-story/page1.jpg,UPLOAD_THIS_all-other-articles_two-week-schedule.csv,UPLOAD_THIS_all-other-articles_two-week-schedule.csv,Historical CSV record; handoff status unknown,,No,,,,2026-08-16,2026-08-12
how-to-build-a-fantasy-junk-journal-that-feels-like-a-story,https://sentimentalica.com/blog/how-to-build-a-fantasy-junk-journal-that-feels-like-a-story.html,https://sentimentalica.com/blog/img/how-to-build-a-fantasy-junk-journal-that-feels-like-a-story/page2.jpg,UPLOAD_THIS_all-other-articles_two-week-schedule.csv,UPLOAD_THIS_all-other-articles_two-week-schedule.csv,Historical CSV record; handoff status unknown,,No,,,,2026-08-16,2026-08-12
how-to-build-a-fantasy-junk-journal-that-feels-like-a-story,https://sentimentalica.com/blog/how-to-build-a-fantasy-junk-journal-that-feels-like-a-story.html,https://sentimentalica.com/blog/img/how-to-build-a-fantasy-junk-journal-that-feels-like-a-story/page3.jpg,UPLOAD_THIS_all-other-articles_two-week-schedule.csv,UPLOAD_THIS_all-other-articles_two-week-schedule.csv,Historical CSV record; handoff status unknown,,No,,,,2026-08-16,2026-08-12
how-to-choose-a-junk-journal-color-palette-without-overthinking-it,https://sentimentalica.com/blog/how-to-choose-a-junk-journal-color-palette-without-overthinking-it.html,https://sentimentalica.com/blog/img/how-to-choose-a-junk-journal-color-palette-without-overthinking-it/gen1.jpg,121_Blossom_Lane.csv,121_Blossom_Lane.csv | UPLOAD_THIS_all-other-articles_two-week-schedule.csv,Historical CSV record; handoff status unknown,,No,,,,2026-08-21,2026-08-12
how-to-choose-a-junk-journal-color-palette-without-overthinking-it,https://sentimentalica.com/blog/how-to-choose-a-junk-journal-color-palette-without-overthinking-it.html,https://sentimentalica.com/blog/img/how-to-choose-a-junk-journal-color-palette-without-overthinking-it/gen2.jpg,UPLOAD_THIS_all-other-articles_two-week-schedule.csv,UPLOAD_THIS_all-other-articles_two-week-schedule.csv,Historical CSV record; handoff status unknown,,No,,,,2026-08-21,2026-08-12
how-to-choose-a-junk-journal-color-palette-without-overthinking-it,https://sentimentalica.com/blog/how-to-choose-a-junk-journal-color-palette-without-overthinking-it.html,https://sentimentalica.com/blog/img/how-to-choose-a-junk-journal-color-palette-without-overthinking-it/gen3.jpg,UPLOAD_THIS_all-other-articles_two-week-schedule.csv,UPLOAD_THIS_all-other-articles_two-week-schedule.csv,Historical CSV record; handoff status unknown,,No,,,,2026-08-21,2026-08-12
how-to-choose-a-junk-journal-theme-you-will-not-get-tired-of,https://sentimentalica.com/blog/how-to-choose-a-junk-journal-theme-you-will-not-get-tired-of.html,https://sentimentalica.com/blog/img/how-to-choose-a-junk-journal-theme-you-will-not-get-tired-of/gen1.png,UPLOAD_THIS_three-new-journal-guides.csv,UPLOAD_THIS_three-new-journal-guides.csv,Historical CSV record; handoff status unknown,,No,,,,2026-08-12,2026-08-12
how-to-choose-a-junk-journal-theme-you-will-not-get-tired-of,https://sentimentalica.com/blog/how-to-choose-a-junk-journal-theme-you-will-not-get-tired-of.html,https://sentimentalica.com/blog/img/how-to-choose-a-junk-journal-theme-you-will-not-get-tired-of/gen2.png,UPLOAD_THIS_three-new-journal-guides.csv,UPLOAD_THIS_three-new-journal-guides.csv,Historical CSV record; handoff status unknown,,No,,,,2026-08-12,2026-08-12
how-to-choose-a-junk-journal-theme-you-will-not-get-tired-of,https://sentimentalica.com/blog/how-to-choose-a-junk-journal-theme-you-will-not-get-tired-of.html,https://sentimentalica.com/blog/img/how-to-choose-a-junk-journal-theme-you-will-not-get-tired-of/gen3.png,UPLOAD_THIS_three-new-journal-guides.csv,UPLOAD_THIS_three-new-journal-guides.csv,Historical CSV record; handoff status unknown,,No,,,,2026-08-12,2026-08-12
how-to-coffee-and-tea-dye-paper-without-warping-it,https://sentimentalica.com/blog/how-to-coffee-and-tea-dye-paper-without-warping-it.html,https://sentimentalica.com/blog/img/how-to-coffee-and-tea-dye-paper-without-warping-it/gen1.png,UPLOAD_THIS_latest-articles_five-day-schedule_2026-08-12.csv,UPLOAD_THIS_latest-articles_five-day-schedule_2026-08-12.csv,Pinterest upload confirmed by Ksenia,2026-08-12,Yes,2026-08-12,Accepted,,2026-08-14,2026-08-12
how-to-coffee-and-tea-dye-paper-without-warping-it,https://sentimentalica.com/blog/how-to-coffee-and-tea-dye-paper-without-warping-it.html,https://sentimentalica.com/blog/img/how-to-coffee-and-tea-dye-paper-without-warping-it/gen2.png,UPLOAD_THIS_latest-articles_five-day-schedule_2026-08-12.csv,UPLOAD_THIS_latest-articles_five-day-schedule_2026-08-12.csv,Pinterest upload confirmed by Ksenia,2026-08-12,Yes,2026-08-12,Accepted,,2026-08-14,2026-08-12
how-to-coffee-and-tea-dye-paper-without-warping-it,https://sentimentalica.com/blog/how-to-coffee-and-tea-dye-paper-without-warping-it.html,https://sentimentalica.com/blog/img/how-to-coffee-and-tea-dye-paper-without-warping-it/gen3.png,UPLOAD_THIS_latest-articles_five-day-schedule_2026-08-12.csv,UPLOAD_THIS_latest-articles_five-day-schedule_2026-08-12.csv,Pinterest upload confirmed by Ksenia,2026-08-12,Yes,2026-08-12,Accepted,,2026-08-14,2026-08-12
how-to-coffee-and-tea-dye-paper-without-warping-it,https://sentimentalica.com/blog/how-to-coffee-and-tea-dye-paper-without-warping-it.html,https://sentimentalica.com/blog/img/how-to-coffee-and-tea-dye-paper-without-warping-it/page1.jpg,UPLOAD_THIS_latest-articles_five-day-schedule_2026-08-12.csv,UPLOAD_THIS_latest-articles_five-day-schedule_2026-08-12.csv,Pinterest upload confirmed by Ksenia,2026-08-12,Yes,2026-08-12,Accepted,,2026-08-13,2026-08-12
how-to-coffee-and-tea-dye-paper-without-warping-it,https://sentimentalica.com/blog/how-to-coffee-and-tea-dye-paper-without-warping-it.html,https://sentimentalica.com/blog/img/how-to-coffee-and-tea-dye-paper-without-warping-it/page2.jpg,UPLOAD_THIS_latest-articles_five-day-schedule_2026-08-12.csv,UPLOAD_RETRY_ONLY_38-duplicate-titles-fixed_2026-08-12.csv | UPLOAD_THIS_latest-articles_five-day-schedule_2026-08-12.csv,CSV provided to Ksenia; Pinterest upload not confirmed,2026-08-12,No,,Rejected,Multiples rows with the same title,2026-08-15,2026-08-12
how-to-coffee-and-tea-dye-paper-without-warping-it,https://sentimentalica.com/blog/how-to-coffee-and-tea-dye-paper-without-warping-it.html,https://sentimentalica.com/blog/img/how-to-coffee-and-tea-dye-paper-without-warping-it/page3.jpg,UPLOAD_THIS_latest-articles_five-day-schedule_2026-08-12.csv,UPLOAD_THIS_latest-articles_five-day-schedule_2026-08-12.csv,Pinterest upload confirmed by Ksenia,2026-08-12,Yes,2026-08-12,Accepted,,2026-08-12,2026-08-12
how-to-coffee-and-tea-dye-paper-without-warping-it,https://sentimentalica.com/blog/how-to-coffee-and-tea-dye-paper-without-warping-it.html,https://sentimentalica.com/blog/img/how-to-coffee-and-tea-dye-paper-without-warping-it/palette1.jpg,UPLOAD_THIS_latest-articles_five-day-schedule_2026-08-12.csv,UPLOAD_THIS_latest-articles_five-day-schedule_2026-08-12.csv,Pinterest upload confirmed by Ksenia,2026-08-12,Yes,2026-08-12,Accepted,,2026-08-14,2026-08-12
how-to-coffee-and-tea-dye-paper-without-warping-it,https://sentimentalica.com/blog/how-to-coffee-and-tea-dye-paper-without-warping-it.html,https://sentimentalica.com/blog/img/how-to-coffee-and-tea-dye-paper-without-warping-it/palette2.jpg,UPLOAD_THIS_latest-articles_five-day-schedule_2026-08-12.csv,UPLOAD_THIS_latest-articles_five-day-schedule_2026-08-12.csv,Pinterest upload confirmed by Ksenia,2026-08-12,Yes,2026-08-12,Accepted,,2026-08-16,2026-08-12
how-to-create-softly-distressed-paper-edges,https://sentimentalica.com/blog/how-to-create-softly-distressed-paper-edges.html,https://sentimentalica.com/blog/img/how-to-create-softly-distressed-paper-edges/atmospheric.png,UPLOAD_THIS_latest-10-articles_2026-08-24_to_2026-08-27.csv,UPLOAD_THIS_latest-10-articles_2026-08-24_to_2026-08-27.csv,CSV provided to Ksenia; Pinterest upload not confirmed,2026-08-18,No,,,,2026-08-26,2026-08-18
how-to-create-softly-distressed-paper-edges,https://sentimentalica.com/blog/how-to-create-softly-distressed-paper-edges.html,https://sentimentalica.com/blog/img/how-to-create-softly-distressed-paper-edges/infographic-v2.png,UPLOAD_THIS_latest-10-articles_2026-08-24_to_2026-08-27.csv,UPLOAD_THIS_latest-10-articles_2026-08-24_to_2026-08-27.csv,CSV provided to Ksenia; Pinterest upload not confirmed,2026-08-18,No,,,,2026-08-26,2026-08-18
how-to-create-softly-distressed-paper-edges,https://sentimentalica.com/blog/how-to-create-softly-distressed-paper-edges.html,https://sentimentalica.com/blog/img/how-to-create-softly-distressed-paper-edges/process.png,UPLOAD_THIS_latest-10-articles_2026-08-24_to_2026-08-27.csv,UPLOAD_THIS_latest-10-articles_2026-08-24_to_2026-08-27.csv,CSV provided to Ksenia; Pinterest upload not confirmed,2026-08-18,No,,,,2026-08-26,2026-08-18
how-to-design-fantasy-wallpaper-that-keeps-icons-readable,https://sentimentalica.com/blog/how-to-design-fantasy-wallpaper-that-keeps-icons-readable.html,https://sentimentalica.com/blog/img/how-to-design-fantasy-wallpaper-that-keeps-icons-readable/infographic.png,UPLOAD_THIS_11_articles_2026-08-29.csv,UPLOAD_THIS_11_articles_2026-08-29.csv,CSV provided to Ksenia; Pinterest upload not confirmed,2026-08-20,No,,,,2026-08-29,2026-08-20
how-to-design-fantasy-wallpaper-that-keeps-icons-readable,https://sentimentalica.com/blog/how-to-design-fantasy-wallpaper-that-keeps-icons-readable.html,https://sentimentalica.com/blog/img/how-to-design-fantasy-wallpaper-that-keeps-icons-readable/scene.png,UPLOAD_THIS_11_articles_2026-08-29.csv,UPLOAD_THIS_11_articles_2026-08-29.csv,CSV provided to Ksenia; Pinterest upload not confirmed,2026-08-20,No,,,,2026-08-29,2026-08-20
how-to-make-a-botanical-junk-journal-page-flow,https://sentimentalica.com/blog/how-to-make-a-botanical-junk-journal-page-flow.html,https://sentimentalica.com/blog/img/how-to-make-a-botanical-junk-journal-page-flow/botanical-130.jpg,UPLOAD_THIS_all-other-articles_two-week-schedule.csv,UPLOAD_THIS_all-other-articles_two-week-schedule.csv,Historical CSV record; handoff status unknown,,No,,,,2026-08-10,2026-08-12
how-to-make-a-botanical-junk-journal-page-flow,https://sentimentalica.com/blog/how-to-make-a-botanical-junk-journal-page-flow.html,https://sentimentalica.com/blog/img/how-to-make-a-botanical-junk-journal-page-flow/botanical-160.jpg,UPLOAD_THIS_all-other-articles_two-week-schedule.csv,UPLOAD_THIS_all-other-articles_two-week-schedule.csv,Historical CSV record; handoff status unknown,,No,,,,2026-08-10,2026-08-12
how-to-make-a-botanical-junk-journal-page-flow,https://sentimentalica.com/blog/how-to-make-a-botanical-junk-journal-page-flow.html,https://sentimentalica.com/blog/img/how-to-make-a-botanical-junk-journal-page-flow/botanical-175.jpg,UPLOAD_THIS_all-other-articles_two-week-schedule.csv,UPLOAD_THIS_all-other-articles_two-week-schedule.csv,Historical CSV record; handoff status unknown,,No,,,,2026-08-10,2026-08-12
how-to-make-a-botanical-junk-journal-page-flow,https://sentimentalica.com/blog/how-to-make-a-botanical-junk-journal-page-flow.html,https://sentimentalica.com/blog/img/how-to-make-a-botanical-junk-journal-page-flow/gen1.jpg,UPLOAD_THIS_all-other-articles_two-week-schedule.csv,UPLOAD_THIS_all-other-articles_two-week-schedule.csv,Historical CSV record; handoff status unknown,,No,,,,2026-08-10,2026-08-12
how-to-make-a-botanical-junk-journal-page-flow,https://sentimentalica.com/blog/how-to-make-a-botanical-junk-journal-page-flow.html,https://sentimentalica.com/blog/img/how-to-make-a-botanical-junk-journal-page-flow/gen2.jpg,UPLOAD_THIS_all-other-articles_two-week-schedule.csv,UPLOAD_THIS_all-other-articles_two-week-schedule.csv,Historical CSV record; handoff status unknown,,No,,,,2026-08-10,2026-08-12
how-to-make-a-botanical-junk-journal-page-flow,https://sentimentalica.com/blog/how-to-make-a-botanical-junk-journal-page-flow.html,https://sentimentalica.com/blog/img/how-to-make-a-botanical-junk-journal-page-flow/gen3.jpg,UPLOAD_THIS_all-other-articles_two-week-schedule.csv,UPLOAD_THIS_all-other-articles_two-week-schedule.csv,Historical CSV record; handoff status unknown,,No,,,,2026-08-10,2026-08-12
how-to-make-a-botanical-junk-journal-page-flow,https://sentimentalica.com/blog/how-to-make-a-botanical-junk-journal-page-flow.html,https://sentimentalica.com/blog/img/how-to-make-a-botanical-junk-journal-page-flow/palette-hibiscus-line.jpg,UPLOAD_THIS_all-other-articles_two-week-schedule.csv,UPLOAD_THIS_all-other-articles_two-week-schedule.csv,Historical CSV record; handoff status unknown,,No,,,,2026-08-10,2026-08-12
how-to-make-a-botanical-junk-journal-page-flow,https://sentimentalica.com/blog/how-to-make-a-botanical-junk-journal-page-flow.html,https://sentimentalica.com/blog/img/how-to-make-a-botanical-junk-journal-page-flow/palette-teal-poppy.jpg,UPLOAD_THIS_all-other-articles_two-week-schedule.csv,UPLOAD_THIS_all-other-articles_two-week-schedule.csv,Historical CSV record; handoff status unknown,,No,,,,2026-08-10,2026-08-12
how-to-make-a-botanical-junk-journal-page-flow,https://sentimentalica.com/blog/how-to-make-a-botanical-junk-journal-page-flow.html,https://sentimentalica.com/blog/img/how-to-make-a-botanical-junk-journal-page-flow/palette-water-lily-gold.jpg,UPLOAD_THIS_all-other-articles_two-week-schedule.csv,UPLOAD_THIS_all-other-articles_two-week-schedule.csv,Historical CSV record; handoff status unknown,,No,,,,2026-08-10,2026-08-12
how-to-make-a-cat-memory-journal-from-everyday-moments,https://sentimentalica.com/blog/how-to-make-a-cat-memory-journal-from-everyday-moments.html,https://sentimentalica.com/blog/img/how-to-make-a-cat-memory-journal-from-everyday-moments/gen1.png,101_Whisker_Bloom.csv,101_Whisker_Bloom.csv | UPLOAD_THIS_all-other-articles_two-week-schedule.csv,Historical CSV record; handoff status unknown,,No,,,,2026-08-06 | 2026-08-13,2026-08-12
how-to-make-a-cat-memory-journal-from-everyday-moments,https://sentimentalica.com/blog/how-to-make-a-cat-memory-journal-from-everyday-moments.html,https://sentimentalica.com/blog/img/how-to-make-a-cat-memory-journal-from-everyday-moments/gen2.png,101_Whisker_Bloom.csv,101_Whisker_Bloom.csv | UPLOAD_THIS_all-other-articles_two-week-schedule.csv,Historical CSV record; handoff status unknown,,No,,,,2026-08-09 | 2026-08-13,2026-08-12
how-to-make-a-cat-memory-journal-from-everyday-moments,https://sentimentalica.com/blog/how-to-make-a-cat-memory-journal-from-everyday-moments.html,https://sentimentalica.com/blog/img/how-to-make-a-cat-memory-journal-from-everyday-moments/gen3.jpg,101_Whisker_Bloom.csv,101_Whisker_Bloom.csv | UPLOAD_THIS_all-other-articles_two-week-schedule.csv,Historical CSV record; handoff status unknown,,No,,,,2026-08-13 | 2026-08-15,2026-08-12
how-to-make-a-cat-memory-journal-from-everyday-moments,https://sentimentalica.com/blog/how-to-make-a-cat-memory-journal-from-everyday-moments.html,https://sentimentalica.com/blog/img/how-to-make-a-cat-memory-journal-from-everyday-moments/gen4.jpg,101_Whisker_Bloom.csv,101_Whisker_Bloom.csv | UPLOAD_THIS_all-other-articles_two-week-schedule.csv,Historical CSV record; handoff status unknown,,No,,,,2026-08-13 | 2026-08-18,2026-08-12
how-to-make-a-cat-memory-journal-from-everyday-moments,https://sentimentalica.com/blog/how-to-make-a-cat-memory-journal-from-everyday-moments.html,https://sentimentalica.com/blog/img/how-to-make-a-cat-memory-journal-from-everyday-moments/gen5.jpg,101_Whisker_Bloom.csv,101_Whisker_Bloom.csv | UPLOAD_THIS_all-other-articles_two-week-schedule.csv,Historical CSV record; handoff status unknown,,No,,,,2026-08-13 | 2026-08-21,2026-08-12
how-to-make-a-cat-memory-journal-from-everyday-moments,https://sentimentalica.com/blog/how-to-make-a-cat-memory-journal-from-everyday-moments.html,https://sentimentalica.com/blog/img/how-to-make-a-cat-memory-journal-from-everyday-moments/gen6.png,101_Whisker_Bloom.csv,101_Whisker_Bloom.csv | UPLOAD_THIS_all-other-articles_two-week-schedule.csv,Historical CSV record; handoff status unknown,,No,,,,2026-08-12 | 2026-08-13,2026-08-12
how-to-make-a-cat-memory-journal-from-everyday-moments,https://sentimentalica.com/blog/how-to-make-a-cat-memory-journal-from-everyday-moments.html,https://sentimentalica.com/blog/img/how-to-make-a-cat-memory-journal-from-everyday-moments/page1.jpg,UPLOAD_THIS_all-other-articles_two-week-schedule.csv,UPLOAD_THIS_all-other-articles_two-week-schedule.csv,Historical CSV record; handoff status unknown,,No,,,,2026-08-13,2026-08-12
how-to-make-a-cat-memory-journal-from-everyday-moments,https://sentimentalica.com/blog/how-to-make-a-cat-memory-journal-from-everyday-moments.html,https://sentimentalica.com/blog/img/how-to-make-a-cat-memory-journal-from-everyday-moments/page2.jpg,101_Whisker_Bloom.csv,101_Whisker_Bloom.csv | UPLOAD_THIS_all-other-articles_two-week-schedule.csv,Historical CSV record; handoff status unknown,,No,,,,2026-08-13 | 2026-08-24,2026-08-12
how-to-make-a-cat-memory-journal-from-everyday-moments,https://sentimentalica.com/blog/how-to-make-a-cat-memory-journal-from-everyday-moments.html,https://sentimentalica.com/blog/img/how-to-make-a-cat-memory-journal-from-everyday-moments/page5.jpg,UPLOAD_THIS_all-other-articles_two-week-schedule.csv,UPLOAD_THIS_all-other-articles_two-week-schedule.csv,Historical CSV record; handoff status unknown,,No,,,,2026-08-13,2026-08-12
how-to-make-a-christmas-memory-pocket-that-feels-personal,https://sentimentalica.com/blog/how-to-make-a-christmas-memory-pocket-that-feels-personal.html,https://sentimentalica.com/blog/img/how-to-make-a-christmas-memory-pocket-that-feels-personal/infographic.png,UPLOAD_THIS_11_articles_2026-08-29.csv,UPLOAD_THIS_11_articles_2026-08-29.csv,CSV provided to Ksenia; Pinterest upload not confirmed,2026-08-20,No,,,,2026-08-29,2026-08-20
how-to-make-a-christmas-memory-pocket-that-feels-personal,https://sentimentalica.com/blog/how-to-make-a-christmas-memory-pocket-that-feels-personal.html,https://sentimentalica.com/blog/img/how-to-make-a-christmas-memory-pocket-that-feels-personal/scene.png,UPLOAD_THIS_11_articles_2026-08-29.csv,UPLOAD_THIS_11_articles_2026-08-29.csv,CSV provided to Ksenia; Pinterest upload not confirmed,2026-08-20,No,,,,2026-08-29,2026-08-20
how-to-make-a-feminine-junk-journal-feel-powerful,https://sentimentalica.com/blog/how-to-make-a-feminine-junk-journal-feel-powerful.html,https://sentimentalica.com/blog/img/how-to-make-a-feminine-junk-journal-feel-powerful/gen1.jpg,Nouveau_Goddess.csv,Nouveau_Goddess.csv | UPLOAD_THIS_all-other-articles_two-week-schedule.csv,Historical CSV record; handoff status unknown,,No,,,,2026-08-06 | 2026-08-17,2026-08-12
how-to-make-a-feminine-junk-journal-feel-powerful,https://sentimentalica.com/blog/how-to-make-a-feminine-junk-journal-feel-powerful.html,https://sentimentalica.com/blog/img/how-to-make-a-feminine-junk-journal-feel-powerful/gen2.jpg,UPLOAD_THIS_all-other-articles_two-week-schedule.csv,UPLOAD_THIS_all-other-articles_two-week-schedule.csv,Historical CSV record; handoff status unknown,,No,,,,2026-08-17,2026-08-12
how-to-make-a-feminine-junk-journal-feel-powerful,https://sentimentalica.com/blog/how-to-make-a-feminine-junk-journal-feel-powerful.html,https://sentimentalica.com/blog/img/how-to-make-a-feminine-junk-journal-feel-powerful/gen3.jpg,Nouveau_Goddess.csv,Nouveau_Goddess.csv | UPLOAD_THIS_all-other-articles_two-week-schedule.csv,Historical CSV record; handoff status unknown,,No,,,,2026-08-16 | 2026-08-17,2026-08-12
how-to-make-a-feminine-junk-journal-feel-powerful,https://sentimentalica.com/blog/how-to-make-a-feminine-junk-journal-feel-powerful.html,https://sentimentalica.com/blog/img/how-to-make-a-feminine-junk-journal-feel-powerful/gen4.png,Nouveau_Goddess.csv,Nouveau_Goddess.csv | UPLOAD_THIS_all-other-articles_two-week-schedule.csv,Historical CSV record; handoff status unknown,,No,,,,2026-08-11 | 2026-08-17,2026-08-12
how-to-make-a-feminine-junk-journal-feel-powerful,https://sentimentalica.com/blog/how-to-make-a-feminine-junk-journal-feel-powerful.html,https://sentimentalica.com/blog/img/how-to-make-a-feminine-junk-journal-feel-powerful/gen5.png,Nouveau_Goddess.csv,Nouveau_Goddess.csv | UPLOAD_THIS_all-other-articles_two-week-schedule.csv,Historical CSV record; handoff status unknown,,No,,,,2026-08-17 | 2026-08-21,2026-08-12
how-to-make-a-feminine-junk-journal-feel-powerful,https://sentimentalica.com/blog/how-to-make-a-feminine-junk-journal-feel-powerful.html,https://sentimentalica.com/blog/img/how-to-make-a-feminine-junk-journal-feel-powerful/page1.jpg,UPLOAD_THIS_all-other-articles_two-week-schedule.csv,UPLOAD_THIS_all-other-articles_two-week-schedule.csv,Historical CSV record; handoff status unknown,,No,,,,2026-08-17,2026-08-12
how-to-make-a-feminine-junk-journal-feel-powerful,https://sentimentalica.com/blog/how-to-make-a-feminine-junk-journal-feel-powerful.html,https://sentimentalica.com/blog/img/how-to-make-a-feminine-junk-journal-feel-powerful/page2.jpg,UPLOAD_THIS_all-other-articles_two-week-schedule.csv,UPLOAD_THIS_all-other-articles_two-week-schedule.csv,Historical CSV record; handoff status unknown,,No,,,,2026-08-17,2026-08-12
how-to-make-a-feminine-junk-journal-feel-powerful,https://sentimentalica.com/blog/how-to-make-a-feminine-junk-journal-feel-powerful.html,https://sentimentalica.com/blog/img/how-to-make-a-feminine-junk-journal-feel-powerful/page3.jpg,UPLOAD_THIS_all-other-articles_two-week-schedule.csv,UPLOAD_THIS_all-other-articles_two-week-schedule.csv,Historical CSV record; handoff status unknown,,No,,,,2026-08-17,2026-08-12
how-to-make-a-hidden-envelope-hinge-in-a-junk-journal,https://sentimentalica.com/blog/how-to-make-a-hidden-envelope-hinge-in-a-junk-journal.html,https://sentimentalica.com/blog/img/how-to-make-a-hidden-envelope-hinge-in-a-junk-journal/atmospheric.png,UPLOAD_THIS_latest-10-articles_2026-08-24_to_2026-08-27.csv,UPLOAD_THIS_latest-10-articles_2026-08-24_to_2026-08-27.csv,CSV provided to Ksenia; Pinterest upload not confirmed,2026-08-18,No,,,,2026-08-24,2026-08-18
how-to-make-a-hidden-envelope-hinge-in-a-junk-journal,https://sentimentalica.com/blog/how-to-make-a-hidden-envelope-hinge-in-a-junk-journal.html,https://sentimentalica.com/blog/img/how-to-make-a-hidden-envelope-hinge-in-a-junk-journal/infographic-v2.png,UPLOAD_THIS_latest-10-articles_2026-08-24_to_2026-08-27.csv,UPLOAD_THIS_latest-10-articles_2026-08-24_to_2026-08-27.csv,CSV provided to Ksenia; Pinterest upload not confirmed,2026-08-18,No,,,,2026-08-24,2026-08-18
how-to-make-a-hidden-envelope-hinge-in-a-junk-journal,https://sentimentalica.com/blog/how-to-make-a-hidden-envelope-hinge-in-a-junk-journal.html,https://sentimentalica.com/blog/img/how-to-make-a-hidden-envelope-hinge-in-a-junk-journal/process.png,UPLOAD_THIS_latest-10-articles_2026-08-24_to_2026-08-27.csv,UPLOAD_THIS_latest-10-articles_2026-08-24_to_2026-08-27.csv,CSV provided to Ksenia; Pinterest upload not confirmed,2026-08-18,No,,,,2026-08-24,2026-08-18
how-to-make-a-journal-page-feel-like-a-place,https://sentimentalica.com/blog/how-to-make-a-journal-page-feel-like-a-place.html,https://sentimentalica.com/blog/img/how-to-make-a-journal-page-feel-like-a-place/gen1.jpg,116_Silk_Road.csv,116_Silk_Road.csv | UPLOAD_THIS_all-other-articles_two-week-schedule.csv,Historical CSV record; handoff status unknown,,No,,,,2026-08-18,2026-08-12
how-to-make-a-journal-page-feel-like-a-place,https://sentimentalica.com/blog/how-to-make-a-journal-page-feel-like-a-place.html,https://sentimentalica.com/blog/img/how-to-make-a-journal-page-feel-like-a-place/gen2.jpg,UPLOAD_THIS_all-other-articles_two-week-schedule.csv,UPLOAD_THIS_all-other-articles_two-week-schedule.csv,Historical CSV record; handoff status unknown,,No,,,,2026-08-18,2026-08-12
how-to-make-a-journal-page-feel-like-a-place,https://sentimentalica.com/blog/how-to-make-a-journal-page-feel-like-a-place.html,https://sentimentalica.com/blog/img/how-to-make-a-journal-page-feel-like-a-place/gen3.jpg,UPLOAD_THIS_all-other-articles_two-week-schedule.csv,UPLOAD_THIS_all-other-articles_two-week-schedule.csv,Historical CSV record; handoff status unknown,,No,,,,2026-08-18,2026-08-12
how-to-make-a-journal-page-feel-lived-in,https://sentimentalica.com/blog/how-to-make-a-journal-page-feel-lived-in.html,https://sentimentalica.com/blog/img/how-to-make-a-journal-page-feel-lived-in/gen1-pinterest.jpg,UPLOAD_NOW_RETRY_14-scheduling-limit_2026-08-11.csv,UPLOAD_NOW_RETRY_14-scheduling-limit_2026-08-11.csv | UPLOAD_RETRY_14-corrected-image-files_2026-08-10.csv,Historical CSV record; handoff status unknown,,No,,,,2026-08-21,2026-08-12
how-to-make-a-journal-page-feel-lived-in,https://sentimentalica.com/blog/how-to-make-a-journal-page-feel-lived-in.html,https://sentimentalica.com/blog/img/how-to-make-a-journal-page-feel-lived-in/gen1.jpg,UPLOAD_THIS_all-other-articles_two-week-schedule.csv,UPLOAD_THIS_all-other-articles_two-week-schedule.csv,Historical CSV record; handoff status unknown,,No,,,,2026-08-21,2026-08-12
how-to-make-a-journal-page-feel-lived-in,https://sentimentalica.com/blog/how-to-make-a-journal-page-feel-lived-in.html,https://sentimentalica.com/blog/img/how-to-make-a-journal-page-feel-lived-in/gen2-pinterest.jpg,UPLOAD_NOW_RETRY_14-scheduling-limit_2026-08-11.csv,UPLOAD_NOW_RETRY_14-scheduling-limit_2026-08-11.csv | UPLOAD_RETRY_14-corrected-image-files_2026-08-10.csv,Historical CSV record; handoff status unknown,,No,,,,2026-08-21,2026-08-12
how-to-make-a-journal-page-feel-lived-in,https://sentimentalica.com/blog/how-to-make-a-journal-page-feel-lived-in.html,https://sentimentalica.com/blog/img/how-to-make-a-journal-page-feel-lived-in/gen2.jpg,UPLOAD_THIS_all-other-articles_two-week-schedule.csv,UPLOAD_THIS_all-other-articles_two-week-schedule.csv,Historical CSV record; handoff status unknown,,No,,,,2026-08-21,2026-08-12
how-to-make-a-journal-page-feel-lived-in,https://sentimentalica.com/blog/how-to-make-a-journal-page-feel-lived-in.html,https://sentimentalica.com/blog/img/how-to-make-a-journal-page-feel-lived-in/gen3-pinterest.jpg,UPLOAD_NOW_RETRY_14-scheduling-limit_2026-08-11.csv,UPLOAD_NOW_RETRY_14-scheduling-limit_2026-08-11.csv | UPLOAD_RETRY_14-corrected-image-files_2026-08-10.csv,Historical CSV record; handoff status unknown,,No,,,,2026-08-21,2026-08-12
how-to-make-a-journal-page-feel-lived-in,https://sentimentalica.com/blog/how-to-make-a-journal-page-feel-lived-in.html,https://sentimentalica.com/blog/img/how-to-make-a-journal-page-feel-lived-in/gen3.jpg,UPLOAD_THIS_all-other-articles_two-week-schedule.csv,UPLOAD_THIS_all-other-articles_two-week-schedule.csv,Historical CSV record; handoff status unknown,,No,,,,2026-08-21,2026-08-12
how-to-make-a-journal-page-feel-lived-in,https://sentimentalica.com/blog/how-to-make-a-journal-page-feel-lived-in.html,https://sentimentalica.com/blog/img/how-to-make-a-journal-page-feel-lived-in/gen4-pinterest.jpg,UPLOAD_NOW_RETRY_14-scheduling-limit_2026-08-11.csv,UPLOAD_NOW_RETRY_14-scheduling-limit_2026-08-11.csv | UPLOAD_RETRY_14-corrected-image-files_2026-08-10.csv,Historical CSV record; handoff status unknown,,No,,,,2026-08-21,2026-08-12
how-to-make-a-journal-page-feel-lived-in,https://sentimentalica.com/blog/how-to-make-a-journal-page-feel-lived-in.html,https://sentimentalica.com/blog/img/how-to-make-a-journal-page-feel-lived-in/gen4.jpg,UPLOAD_THIS_all-other-articles_two-week-schedule.csv,UPLOAD_THIS_all-other-articles_two-week-schedule.csv,Historical CSV record; handoff status unknown,,No,,,,2026-08-21,2026-08-12
how-to-make-a-shabby-chic-journal-feel-soft-not-sugary,https://sentimentalica.com/blog/how-to-make-a-shabby-chic-journal-feel-soft-not-sugary.html,https://sentimentalica.com/blog/img/how-to-make-a-shabby-chic-journal-feel-soft-not-sugary/cottage-chimney-page.jpg,UPLOAD_THIS_latest-articles_five-day-schedule_2026-08-12.csv,UPLOAD_RETRY_ONLY_38-duplicate-titles-fixed_2026-08-12.csv | UPLOAD_THIS_latest-articles_five-day-schedule_2026-08-12.csv,CSV provided to Ksenia; Pinterest upload not confirmed,2026-08-12,No,,Rejected,Multiples rows with the same title,2026-08-12,2026-08-12
how-to-make-a-shabby-chic-journal-feel-soft-not-sugary,https://sentimentalica.com/blog/how-to-make-a-shabby-chic-journal-feel-soft-not-sugary.html,https://sentimentalica.com/blog/img/how-to-make-a-shabby-chic-journal-feel-soft-not-sugary/gen1.png,UPLOAD_THIS_latest-articles_five-day-schedule_2026-08-12.csv,UPLOAD_THIS_latest-articles_five-day-schedule_2026-08-12.csv,Pinterest upload confirmed by Ksenia,2026-08-12,Yes,2026-08-12,Accepted,,2026-08-15,2026-08-12
how-to-make-a-shabby-chic-journal-feel-soft-not-sugary,https://sentimentalica.com/blog/how-to-make-a-shabby-chic-journal-feel-soft-not-sugary.html,https://sentimentalica.com/blog/img/how-to-make-a-shabby-chic-journal-feel-soft-not-sugary/gen2.png,UPLOAD_THIS_latest-articles_five-day-schedule_2026-08-12.csv,UPLOAD_THIS_latest-articles_five-day-schedule_2026-08-12.csv,Pinterest upload confirmed by Ksenia,2026-08-12,Yes,2026-08-12,Accepted,,2026-08-13,2026-08-12
how-to-make-a-shabby-chic-journal-feel-soft-not-sugary,https://sentimentalica.com/blog/how-to-make-a-shabby-chic-journal-feel-soft-not-sugary.html,https://sentimentalica.com/blog/img/how-to-make-a-shabby-chic-journal-feel-soft-not-sugary/gen3.png,UPLOAD_THIS_latest-articles_five-day-schedule_2026-08-12.csv,UPLOAD_THIS_latest-articles_five-day-schedule_2026-08-12.csv,Pinterest upload confirmed by Ksenia,2026-08-12,Yes,2026-08-12,Accepted,,2026-08-16,2026-08-12
how-to-make-a-shabby-chic-journal-feel-soft-not-sugary,https://sentimentalica.com/blog/how-to-make-a-shabby-chic-journal-feel-soft-not-sugary.html,https://sentimentalica.com/blog/img/how-to-make-a-shabby-chic-journal-feel-soft-not-sugary/palette-cottage-pink.jpg,UPLOAD_THIS_latest-articles_five-day-schedule_2026-08-12.csv,UPLOAD_RETRY_ONLY_38-duplicate-titles-fixed_2026-08-12.csv | UPLOAD_THIS_latest-articles_five-day-schedule_2026-08-12.csv,CSV provided to Ksenia; Pinterest upload not confirmed,2026-08-12,No,,Rejected,Multiples rows with the same title,2026-08-14,2026-08-12
how-to-make-a-shabby-chic-journal-feel-soft-not-sugary,https://sentimentalica.com/blog/how-to-make-a-shabby-chic-journal-feel-soft-not-sugary.html,https://sentimentalica.com/blog/img/how-to-make-a-shabby-chic-journal-feel-soft-not-sugary/palette-rose-and-olive.jpg,UPLOAD_THIS_latest-articles_five-day-schedule_2026-08-12.csv,UPLOAD_THIS_latest-articles_five-day-schedule_2026-08-12.csv,Pinterest upload confirmed by Ksenia,2026-08-12,Yes,2026-08-12,Accepted,,2026-08-15,2026-08-12
how-to-make-a-shabby-chic-journal-feel-soft-not-sugary,https://sentimentalica.com/blog/how-to-make-a-shabby-chic-journal-feel-soft-not-sugary.html,https://sentimentalica.com/blog/img/how-to-make-a-shabby-chic-journal-feel-soft-not-sugary/palette-sage-and-blush.jpg,UPLOAD_THIS_latest-articles_five-day-schedule_2026-08-12.csv,UPLOAD_RETRY_ONLY_38-duplicate-titles-fixed_2026-08-12.csv | UPLOAD_THIS_latest-articles_five-day-schedule_2026-08-12.csv,CSV provided to Ksenia; Pinterest upload not confirmed,2026-08-12,No,,Rejected,Multiples rows with the same title,2026-08-15,2026-08-12
how-to-make-a-shabby-chic-journal-feel-soft-not-sugary,https://sentimentalica.com/blog/how-to-make-a-shabby-chic-journal-feel-soft-not-sugary.html,https://sentimentalica.com/blog/img/how-to-make-a-shabby-chic-journal-feel-soft-not-sugary/rose-cottage-page.jpg,UPLOAD_THIS_latest-articles_five-day-schedule_2026-08-12.csv,UPLOAD_RETRY_ONLY_38-duplicate-titles-fixed_2026-08-12.csv | UPLOAD_THIS_latest-articles_five-day-schedule_2026-08-12.csv,CSV provided to Ksenia; Pinterest upload not confirmed,2026-08-12,No,,Rejected,Multiples rows with the same title,2026-08-13,2026-08-12
how-to-make-a-shabby-chic-journal-feel-soft-not-sugary,https://sentimentalica.com/blog/how-to-make-a-shabby-chic-journal-feel-soft-not-sugary.html,https://sentimentalica.com/blog/img/how-to-make-a-shabby-chic-journal-feel-soft-not-sugary/rose-frame-page.jpg,UPLOAD_THIS_latest-articles_five-day-schedule_2026-08-12.csv,UPLOAD_THIS_latest-articles_five-day-schedule_2026-08-12.csv,Pinterest upload confirmed by Ksenia,2026-08-12,Yes,2026-08-12,Accepted,,2026-08-15,2026-08-12
how-to-make-a-spring-junk-journal-page-feel-fresh-not-busy,https://sentimentalica.com/blog/how-to-make-a-spring-junk-journal-page-feel-fresh-not-busy.html,https://sentimentalica.com/blog/img/how-to-make-a-spring-junk-journal-page-feel-fresh-not-busy/gen1.png,UPLOAD_THIS_latest-articles_five-day-schedule_2026-08-12.csv,UPLOAD_THIS_latest-articles_five-day-schedule_2026-08-12.csv,Pinterest upload confirmed by Ksenia,2026-08-12,Yes,2026-08-12,Accepted,,2026-08-13,2026-08-12
how-to-make-a-spring-junk-journal-page-feel-fresh-not-busy,https://sentimentalica.com/blog/how-to-make-a-spring-junk-journal-page-feel-fresh-not-busy.html,https://sentimentalica.com/blog/img/how-to-make-a-spring-junk-journal-page-feel-fresh-not-busy/gen2.png,UPLOAD_THIS_latest-articles_five-day-schedule_2026-08-12.csv,UPLOAD_THIS_latest-articles_five-day-schedule_2026-08-12.csv,Pinterest upload confirmed by Ksenia,2026-08-12,Yes,2026-08-12,Accepted,,2026-08-15,2026-08-12
how-to-make-a-spring-junk-journal-page-feel-fresh-not-busy,https://sentimentalica.com/blog/how-to-make-a-spring-junk-journal-page-feel-fresh-not-busy.html,https://sentimentalica.com/blog/img/how-to-make-a-spring-junk-journal-page-feel-fresh-not-busy/gen3.png,UPLOAD_THIS_latest-articles_five-day-schedule_2026-08-12.csv,UPLOAD_THIS_latest-articles_five-day-schedule_2026-08-12.csv,Pinterest upload confirmed by Ksenia,2026-08-12,Yes,2026-08-12,Accepted,,2026-08-13,2026-08-12
how-to-make-a-spring-junk-journal-page-feel-fresh-not-busy,https://sentimentalica.com/blog/how-to-make-a-spring-junk-journal-page-feel-fresh-not-busy.html,https://sentimentalica.com/blog/img/how-to-make-a-spring-junk-journal-page-feel-fresh-not-busy/page1.jpg,UPLOAD_THIS_latest-articles_five-day-schedule_2026-08-12.csv,UPLOAD_THIS_latest-articles_five-day-schedule_2026-08-12.csv,Pinterest upload confirmed by Ksenia,2026-08-12,Yes,2026-08-12,Accepted,,2026-08-12,2026-08-12
how-to-make-a-spring-junk-journal-page-feel-fresh-not-busy,https://sentimentalica.com/blog/how-to-make-a-spring-junk-journal-page-feel-fresh-not-busy.html,https://sentimentalica.com/blog/img/how-to-make-a-spring-junk-journal-page-feel-fresh-not-busy/page2.jpg,UPLOAD_THIS_latest-articles_five-day-schedule_2026-08-12.csv,UPLOAD_RETRY_ONLY_38-duplicate-titles-fixed_2026-08-12.csv | UPLOAD_THIS_latest-articles_five-day-schedule_2026-08-12.csv,CSV provided to Ksenia; Pinterest upload not confirmed,2026-08-12,No,,Rejected,Multiples rows with the same title,2026-08-14,2026-08-12
how-to-make-a-spring-junk-journal-page-feel-fresh-not-busy,https://sentimentalica.com/blog/how-to-make-a-spring-junk-journal-page-feel-fresh-not-busy.html,https://sentimentalica.com/blog/img/how-to-make-a-spring-junk-journal-page-feel-fresh-not-busy/page3.jpg,UPLOAD_THIS_latest-articles_five-day-schedule_2026-08-12.csv,UPLOAD_THIS_latest-articles_five-day-schedule_2026-08-12.csv,Pinterest upload confirmed by Ksenia,2026-08-12,Yes,2026-08-12,Accepted,,2026-08-16,2026-08-12
how-to-make-a-spring-junk-journal-page-feel-fresh-not-busy,https://sentimentalica.com/blog/how-to-make-a-spring-junk-journal-page-feel-fresh-not-busy.html,https://sentimentalica.com/blog/img/how-to-make-a-spring-junk-journal-page-feel-fresh-not-busy/palette1.jpg,UPLOAD_THIS_latest-articles_five-day-schedule_2026-08-12.csv,UPLOAD_THIS_latest-articles_five-day-schedule_2026-08-12.csv,Pinterest upload confirmed by Ksenia,2026-08-12,Yes,2026-08-12,Accepted,,2026-08-13,2026-08-12
how-to-make-a-spring-junk-journal-page-feel-fresh-not-busy,https://sentimentalica.com/blog/how-to-make-a-spring-junk-journal-page-feel-fresh-not-busy.html,https://sentimentalica.com/blog/img/how-to-make-a-spring-junk-journal-page-feel-fresh-not-busy/palette2.jpg,UPLOAD_THIS_latest-articles_five-day-schedule_2026-08-12.csv,UPLOAD_THIS_latest-articles_five-day-schedule_2026-08-12.csv,Pinterest upload confirmed by Ksenia,2026-08-12,Yes,2026-08-12,Accepted,,2026-08-13,2026-08-12
how-to-make-a-thanksgiving-recipe-memory-journal,https://sentimentalica.com/blog/how-to-make-a-thanksgiving-recipe-memory-journal.html,https://sentimentalica.com/blog/img/how-to-make-a-thanksgiving-recipe-memory-journal/gen1.png,UPLOAD_TODAY_five-seasonal-articles_2026-08-13.csv,UPLOAD_TODAY_five-seasonal-articles_2026-08-13.csv,CSV provided to Ksenia; Pinterest upload not confirmed,2026-08-13,No,,,,2026-08-13,2026-08-13
how-to-make-a-thanksgiving-recipe-memory-journal,https://sentimentalica.com/blog/how-to-make-a-thanksgiving-recipe-memory-journal.html,https://sentimentalica.com/blog/img/how-to-make-a-thanksgiving-recipe-memory-journal/gen2.png,UPLOAD_TODAY_five-seasonal-articles_2026-08-13.csv,UPLOAD_TODAY_five-seasonal-articles_2026-08-13.csv,CSV provided to Ksenia; Pinterest upload not confirmed,2026-08-13,No,,,,2026-08-13,2026-08-13
how-to-make-cottagecore-digital-pages-feel-handmade,https://sentimentalica.com/blog/how-to-make-cottagecore-digital-pages-feel-handmade.html,https://sentimentalica.com/blog/img/how-to-make-cottagecore-digital-pages-feel-handmade/infographic.png,UPLOAD_THIS_11_articles_2026-08-29.csv,UPLOAD_THIS_11_articles_2026-08-29.csv,CSV provided to Ksenia; Pinterest upload not confirmed,2026-08-20,No,,,,2026-08-29,2026-08-20
how-to-make-cottagecore-digital-pages-feel-handmade,https://sentimentalica.com/blog/how-to-make-cottagecore-digital-pages-feel-handmade.html,https://sentimentalica.com/blog/img/how-to-make-cottagecore-digital-pages-feel-handmade/scene.png,UPLOAD_THIS_11_articles_2026-08-29.csv,UPLOAD_THIS_11_articles_2026-08-29.csv,CSV provided to Ksenia; Pinterest upload not confirmed,2026-08-20,No,,,,2026-08-29,2026-08-20
how-to-make-forest-journal-pages-feel-deep-not-muddy,https://sentimentalica.com/blog/how-to-make-forest-journal-pages-feel-deep-not-muddy.html,https://sentimentalica.com/blog/img/how-to-make-forest-journal-pages-feel-deep-not-muddy/gen1.png,UPLOAD_THIS_latest-articles_five-day-schedule_2026-08-12.csv,UPLOAD_THIS_latest-articles_five-day-schedule_2026-08-12.csv,Pinterest upload confirmed by Ksenia,2026-08-12,Yes,2026-08-12,Accepted,,2026-08-13,2026-08-12
how-to-make-forest-journal-pages-feel-deep-not-muddy,https://sentimentalica.com/blog/how-to-make-forest-journal-pages-feel-deep-not-muddy.html,https://sentimentalica.com/blog/img/how-to-make-forest-journal-pages-feel-deep-not-muddy/gen2.png,UPLOAD_THIS_latest-articles_five-day-schedule_2026-08-12.csv,UPLOAD_THIS_latest-articles_five-day-schedule_2026-08-12.csv,Pinterest upload confirmed by Ksenia,2026-08-12,Yes,2026-08-12,Accepted,,2026-08-13,2026-08-12
how-to-make-forest-journal-pages-feel-deep-not-muddy,https://sentimentalica.com/blog/how-to-make-forest-journal-pages-feel-deep-not-muddy.html,https://sentimentalica.com/blog/img/how-to-make-forest-journal-pages-feel-deep-not-muddy/gen3.png,UPLOAD_THIS_latest-articles_five-day-schedule_2026-08-12.csv,UPLOAD_THIS_latest-articles_five-day-schedule_2026-08-12.csv,Pinterest upload confirmed by Ksenia,2026-08-12,Yes,2026-08-12,Accepted,,2026-08-15,2026-08-12
how-to-make-forest-journal-pages-feel-deep-not-muddy,https://sentimentalica.com/blog/how-to-make-forest-journal-pages-feel-deep-not-muddy.html,https://sentimentalica.com/blog/img/how-to-make-forest-journal-pages-feel-deep-not-muddy/page1.jpg,UPLOAD_THIS_latest-articles_five-day-schedule_2026-08-12.csv,UPLOAD_THIS_latest-articles_five-day-schedule_2026-08-12.csv,Pinterest upload confirmed by Ksenia,2026-08-12,Yes,2026-08-12,Accepted,,2026-08-12,2026-08-12
how-to-make-forest-journal-pages-feel-deep-not-muddy,https://sentimentalica.com/blog/how-to-make-forest-journal-pages-feel-deep-not-muddy.html,https://sentimentalica.com/blog/img/how-to-make-forest-journal-pages-feel-deep-not-muddy/page2.jpg,UPLOAD_THIS_latest-articles_five-day-schedule_2026-08-12.csv,UPLOAD_RETRY_ONLY_38-duplicate-titles-fixed_2026-08-12.csv | UPLOAD_THIS_latest-articles_five-day-schedule_2026-08-12.csv,CSV provided to Ksenia; Pinterest upload not confirmed,2026-08-12,No,,Rejected,Multiples rows with the same title,2026-08-14,2026-08-12
how-to-make-forest-journal-pages-feel-deep-not-muddy,https://sentimentalica.com/blog/how-to-make-forest-journal-pages-feel-deep-not-muddy.html,https://sentimentalica.com/blog/img/how-to-make-forest-journal-pages-feel-deep-not-muddy/page3.jpg,UPLOAD_THIS_latest-articles_five-day-schedule_2026-08-12.csv,UPLOAD_THIS_latest-articles_five-day-schedule_2026-08-12.csv,Pinterest upload confirmed by Ksenia,2026-08-12,Yes,2026-08-12,Accepted,,2026-08-16,2026-08-12
how-to-make-forest-journal-pages-feel-deep-not-muddy,https://sentimentalica.com/blog/how-to-make-forest-journal-pages-feel-deep-not-muddy.html,https://sentimentalica.com/blog/img/how-to-make-forest-journal-pages-feel-deep-not-muddy/palette1.jpg,UPLOAD_THIS_latest-articles_five-day-schedule_2026-08-12.csv,UPLOAD_THIS_latest-articles_five-day-schedule_2026-08-12.csv,Pinterest upload confirmed by Ksenia,2026-08-12,Yes,2026-08-12,Accepted,,2026-08-13,2026-08-12
how-to-make-forest-journal-pages-feel-deep-not-muddy,https://sentimentalica.com/blog/how-to-make-forest-journal-pages-feel-deep-not-muddy.html,https://sentimentalica.com/blog/img/how-to-make-forest-journal-pages-feel-deep-not-muddy/palette2.jpg,UPLOAD_THIS_latest-articles_five-day-schedule_2026-08-12.csv,UPLOAD_THIS_latest-articles_five-day-schedule_2026-08-12.csv,Pinterest upload confirmed by Ksenia,2026-08-12,Yes,2026-08-12,Accepted,,2026-08-13,2026-08-12
how-to-make-printable-junk-journal-pages-feel-personal,https://sentimentalica.com/blog/how-to-make-printable-junk-journal-pages-feel-personal.html,https://sentimentalica.com/blog/img/how-to-make-printable-junk-journal-pages-feel-personal/gen1.png,UPLOAD_THIS_three-new-journal-guides.csv,UPLOAD_THIS_three-new-journal-guides.csv,Historical CSV record; handoff status unknown,,No,,,,2026-08-11,2026-08-12
how-to-make-printable-junk-journal-pages-feel-personal,https://sentimentalica.com/blog/how-to-make-printable-junk-journal-pages-feel-personal.html,https://sentimentalica.com/blog/img/how-to-make-printable-junk-journal-pages-feel-personal/gen2.png,UPLOAD_THIS_three-new-journal-guides.csv,UPLOAD_THIS_three-new-journal-guides.csv,Historical CSV record; handoff status unknown,,No,,,,2026-08-12,2026-08-12
how-to-make-printable-junk-journal-pages-feel-personal,https://sentimentalica.com/blog/how-to-make-printable-junk-journal-pages-feel-personal.html,https://sentimentalica.com/blog/img/how-to-make-printable-junk-journal-pages-feel-personal/gen3.png,UPLOAD_THIS_three-new-journal-guides.csv,UPLOAD_THIS_three-new-journal-guides.csv,Historical CSV record; handoff status unknown,,No,,,,2026-08-11,2026-08-12
how-to-mix-patterns-in-a-junk-journal-without-making-it-look-busy,https://sentimentalica.com/blog/how-to-mix-patterns-in-a-junk-journal-without-making-it-look-busy.html,https://sentimentalica.com/blog/img/how-to-mix-patterns-in-a-junk-journal-without-making-it-look-busy/gen1.jpg,UPLOAD_THIS_all-other-articles_two-week-schedule.csv,UPLOAD_THIS_all-other-articles_two-week-schedule.csv,Historical CSV record; handoff status unknown,,No,,,,2026-08-10,2026-08-12
how-to-mix-patterns-in-a-junk-journal-without-making-it-look-busy,https://sentimentalica.com/blog/how-to-mix-patterns-in-a-junk-journal-without-making-it-look-busy.html,https://sentimentalica.com/blog/img/how-to-mix-patterns-in-a-junk-journal-without-making-it-look-busy/gen2.jpg,UPLOAD_THIS_all-other-articles_two-week-schedule.csv,UPLOAD_THIS_all-other-articles_two-week-schedule.csv,Historical CSV record; handoff status unknown,,No,,,,2026-08-10,2026-08-12
how-to-mix-patterns-in-a-junk-journal-without-making-it-look-busy,https://sentimentalica.com/blog/how-to-mix-patterns-in-a-junk-journal-without-making-it-look-busy.html,https://sentimentalica.com/blog/img/how-to-mix-patterns-in-a-junk-journal-without-making-it-look-busy/gen3.jpg,UPLOAD_THIS_all-other-articles_two-week-schedule.csv,UPLOAD_THIS_all-other-articles_two-week-schedule.csv,Historical CSV record; handoff status unknown,,No,,,,2026-08-10,2026-08-12
how-to-mix-patterns-in-a-junk-journal-without-making-it-look-busy,https://sentimentalica.com/blog/how-to-mix-patterns-in-a-junk-journal-without-making-it-look-busy.html,https://sentimentalica.com/blog/img/how-to-mix-patterns-in-a-junk-journal-without-making-it-look-busy/palette-abstract-wash.jpg,UPLOAD_THIS_all-other-articles_two-week-schedule.csv,UPLOAD_THIS_all-other-articles_two-week-schedule.csv,Historical CSV record; handoff status unknown,,No,,,,2026-08-10,2026-08-12
how-to-mix-patterns-in-a-junk-journal-without-making-it-look-busy,https://sentimentalica.com/blog/how-to-mix-patterns-in-a-junk-journal-without-making-it-look-busy.html,https://sentimentalica.com/blog/img/how-to-mix-patterns-in-a-junk-journal-without-making-it-look-busy/palette-botanical-ledger.jpg,UPLOAD_THIS_all-other-articles_two-week-schedule.csv,UPLOAD_THIS_all-other-articles_two-week-schedule.csv,Historical CSV record; handoff status unknown,,No,,,,2026-08-10,2026-08-12
how-to-mix-patterns-in-a-junk-journal-without-making-it-look-busy,https://sentimentalica.com/blog/how-to-mix-patterns-in-a-junk-journal-without-making-it-look-busy.html,https://sentimentalica.com/blog/img/how-to-mix-patterns-in-a-junk-journal-without-making-it-look-busy/palette-lantern-glow.jpg,UPLOAD_THIS_all-other-articles_two-week-schedule.csv,UPLOAD_THIS_all-other-articles_two-week-schedule.csv,Historical CSV record; handoff status unknown,,No,,,,2026-08-10,2026-08-12
how-to-mix-patterns-in-a-junk-journal-without-making-it-look-busy,https://sentimentalica.com/blog/how-to-mix-patterns-in-a-junk-journal-without-making-it-look-busy.html,https://sentimentalica.com/blog/img/how-to-mix-patterns-in-a-junk-journal-without-making-it-look-busy/sugar-102.jpg,UPLOAD_THIS_all-other-articles_two-week-schedule.csv,UPLOAD_THIS_all-other-articles_two-week-schedule.csv,Historical CSV record; handoff status unknown,,No,,,,2026-08-10,2026-08-12
how-to-mix-patterns-in-a-junk-journal-without-making-it-look-busy,https://sentimentalica.com/blog/how-to-mix-patterns-in-a-junk-journal-without-making-it-look-busy.html,https://sentimentalica.com/blog/img/how-to-mix-patterns-in-a-junk-journal-without-making-it-look-busy/sugar-129.jpg,UPLOAD_THIS_all-other-articles_two-week-schedule.csv,UPLOAD_THIS_all-other-articles_two-week-schedule.csv,Historical CSV record; handoff status unknown,,No,,,,2026-08-10,2026-08-12
how-to-mix-patterns-in-a-junk-journal-without-making-it-look-busy,https://sentimentalica.com/blog/how-to-mix-patterns-in-a-junk-journal-without-making-it-look-busy.html,https://sentimentalica.com/blog/img/how-to-mix-patterns-in-a-junk-journal-without-making-it-look-busy/sugar-145.jpg,UPLOAD_THIS_all-other-articles_two-week-schedule.csv,UPLOAD_THIS_all-other-articles_two-week-schedule.csv,Historical CSV record; handoff status unknown,,No,,,,2026-08-10,2026-08-12
how-to-remember-an-ordinary-day-in-your-junk-journal,https://sentimentalica.com/blog/how-to-remember-an-ordinary-day-in-your-junk-journal.html,https://sentimentalica.com/blog/img/how-to-remember-an-ordinary-day-in-your-junk-journal/gen1.jpg,UPLOAD_THIS_all-other-articles_two-week-schedule.csv,UPLOAD_THIS_all-other-articles_two-week-schedule.csv | ordinary-day-memory-keeping.csv,Historical CSV record; handoff status unknown,,No,,,,2026-08-01 | 2026-08-20,2026-08-12
how-to-remember-an-ordinary-day-in-your-junk-journal,https://sentimentalica.com/blog/how-to-remember-an-ordinary-day-in-your-junk-journal.html,https://sentimentalica.com/blog/img/how-to-remember-an-ordinary-day-in-your-junk-journal/gen2.jpg,UPLOAD_THIS_all-other-articles_two-week-schedule.csv,UPLOAD_THIS_all-other-articles_two-week-schedule.csv | ordinary-day-memory-keeping.csv,Historical CSV record; handoff status unknown,,No,,,,2026-08-05 | 2026-08-20,2026-08-12
how-to-scrapbook-a-photo-backlog-without-the-pressure,https://sentimentalica.com/blog/how-to-scrapbook-a-photo-backlog-without-the-pressure.html,https://sentimentalica.com/blog/img/how-to-scrapbook-a-photo-backlog-without-the-pressure/atmospheric.png,UPLOAD_THIS_latest-10-articles_2026-08-24_to_2026-08-27.csv,UPLOAD_THIS_latest-10-articles_2026-08-24_to_2026-08-27.csv,CSV provided to Ksenia; Pinterest upload not confirmed,2026-08-18,No,,,,2026-08-25,2026-08-18
how-to-scrapbook-a-photo-backlog-without-the-pressure,https://sentimentalica.com/blog/how-to-scrapbook-a-photo-backlog-without-the-pressure.html,https://sentimentalica.com/blog/img/how-to-scrapbook-a-photo-backlog-without-the-pressure/infographic-v2.png,UPLOAD_THIS_latest-10-articles_2026-08-24_to_2026-08-27.csv,UPLOAD_THIS_latest-10-articles_2026-08-24_to_2026-08-27.csv,CSV provided to Ksenia; Pinterest upload not confirmed,2026-08-18,No,,,,2026-08-25,2026-08-18
how-to-scrapbook-a-photo-backlog-without-the-pressure,https://sentimentalica.com/blog/how-to-scrapbook-a-photo-backlog-without-the-pressure.html,https://sentimentalica.com/blog/img/how-to-scrapbook-a-photo-backlog-without-the-pressure/process.png,UPLOAD_THIS_latest-10-articles_2026-08-24_to_2026-08-27.csv,UPLOAD_THIS_latest-10-articles_2026-08-24_to_2026-08-27.csv,CSV provided to Ksenia; Pinterest upload not confirmed,2026-08-18,No,,,,2026-08-25,2026-08-18
how-to-start-a-junk-journal-with-what-you-have,https://sentimentalica.com/blog/how-to-start-a-junk-journal-with-what-you-have.html,https://sentimentalica.com/blog/img/how-to-start-a-junk-journal-with-what-you-have/gen1.png,UPLOAD_THIS_all-other-articles_two-week-schedule.csv,UPLOAD_THIS_all-other-articles_two-week-schedule.csv | _lead_magnets.csv,Historical CSV record; handoff status unknown,,No,,,,2026-08-05 | 2026-08-14,2026-08-12
how-to-start-a-junk-journal-with-what-you-have,https://sentimentalica.com/blog/how-to-start-a-junk-journal-with-what-you-have.html,https://sentimentalica.com/blog/img/how-to-start-a-junk-journal-with-what-you-have/gen2.png,UPLOAD_THIS_all-other-articles_two-week-schedule.csv,UPLOAD_THIS_all-other-articles_two-week-schedule.csv | _lead_magnets.csv,Historical CSV record; handoff status unknown,,No,,,,2026-08-08 | 2026-08-14,2026-08-12
how-to-start-a-junk-journal-with-what-you-have,https://sentimentalica.com/blog/how-to-start-a-junk-journal-with-what-you-have.html,https://sentimentalica.com/blog/img/how-to-start-a-junk-journal-with-what-you-have/page1.jpg,UPLOAD_THIS_all-other-articles_two-week-schedule.csv,UPLOAD_THIS_all-other-articles_two-week-schedule.csv | _lead_magnets.csv,Historical CSV record; handoff status unknown,,No,,,,2026-08-11 | 2026-08-14,2026-08-12
how-to-start-a-junk-journal-with-what-you-have,https://sentimentalica.com/blog/how-to-start-a-junk-journal-with-what-you-have.html,https://sentimentalica.com/blog/img/how-to-start-a-junk-journal-with-what-you-have/page2.jpg,UPLOAD_THIS_all-other-articles_two-week-schedule.csv,UPLOAD_THIS_all-other-articles_two-week-schedule.csv | _lead_magnets.csv,Historical CSV record; handoff status unknown,,No,,,,2026-08-14,2026-08-12
how-to-start-a-junk-journal-with-what-you-have,https://sentimentalica.com/blog/how-to-start-a-junk-journal-with-what-you-have.html,https://sentimentalica.com/blog/img/how-to-start-a-junk-journal-with-what-you-have/page3.jpg,UPLOAD_THIS_all-other-articles_two-week-schedule.csv,UPLOAD_THIS_all-other-articles_two-week-schedule.csv | _lead_magnets.csv,Historical CSV record; handoff status unknown,,No,,,,2026-08-14 | 2026-08-17,2026-08-12
how-to-turn-printable-art-into-a-digital-wallpaper,https://sentimentalica.com/blog/how-to-turn-printable-art-into-a-digital-wallpaper.html,https://sentimentalica.com/blog/img/how-to-turn-printable-art-into-a-digital-wallpaper/gen1.png,UPLOAD_THIS_latest-articles_five-day-schedule_2026-08-12.csv,UPLOAD_THIS_latest-articles_five-day-schedule_2026-08-12.csv,Pinterest upload confirmed by Ksenia,2026-08-12,Yes,2026-08-12,Accepted,,2026-08-13,2026-08-12
how-to-turn-printable-art-into-a-digital-wallpaper,https://sentimentalica.com/blog/how-to-turn-printable-art-into-a-digital-wallpaper.html,https://sentimentalica.com/blog/img/how-to-turn-printable-art-into-a-digital-wallpaper/gen2.png,UPLOAD_THIS_latest-articles_five-day-schedule_2026-08-12.csv,UPLOAD_RETRY_ONLY_38-duplicate-titles-fixed_2026-08-12.csv | UPLOAD_THIS_latest-articles_five-day-schedule_2026-08-12.csv,CSV provided to Ksenia; Pinterest upload not confirmed,2026-08-12,No,,Rejected,Multiples rows with the same title,2026-08-13,2026-08-12
how-to-turn-printable-art-into-a-digital-wallpaper,https://sentimentalica.com/blog/how-to-turn-printable-art-into-a-digital-wallpaper.html,https://sentimentalica.com/blog/img/how-to-turn-printable-art-into-a-digital-wallpaper/gen3.png,UPLOAD_THIS_latest-articles_five-day-schedule_2026-08-12.csv,UPLOAD_THIS_latest-articles_five-day-schedule_2026-08-12.csv,Pinterest upload confirmed by Ksenia,2026-08-12,Yes,2026-08-12,Accepted,,2026-08-13,2026-08-12
how-to-turn-printable-art-into-a-digital-wallpaper,https://sentimentalica.com/blog/how-to-turn-printable-art-into-a-digital-wallpaper.html,https://sentimentalica.com/blog/img/how-to-turn-printable-art-into-a-digital-wallpaper/page1.jpg,UPLOAD_THIS_latest-articles_five-day-schedule_2026-08-12.csv,UPLOAD_THIS_latest-articles_five-day-schedule_2026-08-12.csv,Pinterest upload confirmed by Ksenia,2026-08-12,Yes,2026-08-12,Accepted,,2026-08-14,2026-08-12
how-to-turn-printable-art-into-a-digital-wallpaper,https://sentimentalica.com/blog/how-to-turn-printable-art-into-a-digital-wallpaper.html,https://sentimentalica.com/blog/img/how-to-turn-printable-art-into-a-digital-wallpaper/page2.jpg,UPLOAD_THIS_latest-articles_five-day-schedule_2026-08-12.csv,UPLOAD_RETRY_ONLY_38-duplicate-titles-fixed_2026-08-12.csv | UPLOAD_THIS_latest-articles_five-day-schedule_2026-08-12.csv,CSV provided to Ksenia; Pinterest upload not confirmed,2026-08-12,No,,Rejected,Multiples rows with the same title,2026-08-16,2026-08-12
how-to-turn-printable-art-into-a-digital-wallpaper,https://sentimentalica.com/blog/how-to-turn-printable-art-into-a-digital-wallpaper.html,https://sentimentalica.com/blog/img/how-to-turn-printable-art-into-a-digital-wallpaper/page3.jpg,UPLOAD_THIS_latest-articles_five-day-schedule_2026-08-12.csv,UPLOAD_RETRY_ONLY_38-duplicate-titles-fixed_2026-08-12.csv | UPLOAD_THIS_latest-articles_five-day-schedule_2026-08-12.csv,CSV provided to Ksenia; Pinterest upload not confirmed,2026-08-12,No,,Rejected,Multiples rows with the same title,2026-08-12,2026-08-12
how-to-turn-printable-art-into-a-digital-wallpaper,https://sentimentalica.com/blog/how-to-turn-printable-art-into-a-digital-wallpaper.html,https://sentimentalica.com/blog/img/how-to-turn-printable-art-into-a-digital-wallpaper/palette-candlelight.jpg,UPLOAD_THIS_latest-articles_five-day-schedule_2026-08-12.csv,UPLOAD_THIS_latest-articles_five-day-schedule_2026-08-12.csv,Pinterest upload confirmed by Ksenia,2026-08-12,Yes,2026-08-12,Accepted,,2026-08-12,2026-08-12
how-to-turn-printable-art-into-a-digital-wallpaper,https://sentimentalica.com/blog/how-to-turn-printable-art-into-a-digital-wallpaper.html,https://sentimentalica.com/blog/img/how-to-turn-printable-art-into-a-digital-wallpaper/palette-rose.jpg,UPLOAD_THIS_latest-articles_five-day-schedule_2026-08-12.csv,UPLOAD_THIS_latest-articles_five-day-schedule_2026-08-12.csv,Pinterest upload confirmed by Ksenia,2026-08-12,Yes,2026-08-12,Accepted,,2026-08-15,2026-08-12
how-to-turn-printable-art-into-a-digital-wallpaper,https://sentimentalica.com/blog/how-to-turn-printable-art-into-a-digital-wallpaper.html,https://sentimentalica.com/blog/img/how-to-turn-printable-art-into-a-digital-wallpaper/palette-woodland.jpg,UPLOAD_THIS_latest-articles_five-day-schedule_2026-08-12.csv,UPLOAD_THIS_latest-articles_five-day-schedule_2026-08-12.csv,Pinterest upload confirmed by Ksenia,2026-08-12,Yes,2026-08-12,Accepted,,2026-08-13,2026-08-12
how-to-turn-travel-tickets-into-a-junk-journal-story,https://sentimentalica.com/blog/how-to-turn-travel-tickets-into-a-junk-journal-story.html,https://sentimentalica.com/blog/img/how-to-turn-travel-tickets-into-a-junk-journal-story/gen1.png,UPLOAD_TODAY_five-seasonal-articles_2026-08-13.csv,UPLOAD_TODAY_five-seasonal-articles_2026-08-13.csv,CSV provided to Ksenia; Pinterest upload not confirmed,2026-08-13,No,,,,2026-08-13,2026-08-13
how-to-turn-travel-tickets-into-a-junk-journal-story,https://sentimentalica.com/blog/how-to-turn-travel-tickets-into-a-junk-journal-story.html,https://sentimentalica.com/blog/img/how-to-turn-travel-tickets-into-a-junk-journal-story/gen2.png,UPLOAD_TODAY_five-seasonal-articles_2026-08-13.csv,UPLOAD_TODAY_five-seasonal-articles_2026-08-13.csv,CSV provided to Ksenia; Pinterest upload not confirmed,2026-08-13,No,,,,2026-08-13,2026-08-13
how-to-use-a-beautiful-notebook-without-being-afraid-to-ruin-it,https://sentimentalica.com/blog/how-to-use-a-beautiful-notebook-without-being-afraid-to-ruin-it.html,https://sentimentalica.com/blog/img/how-to-use-a-beautiful-notebook-without-being-afraid-to-ruin-it/gen1.png,UPLOAD_THIS_three-new-journal-guides.csv,UPLOAD_THIS_three-new-journal-guides.csv,Historical CSV record; handoff status unknown,,No,,,,2026-08-11,2026-08-12
how-to-use-a-beautiful-notebook-without-being-afraid-to-ruin-it,https://sentimentalica.com/blog/how-to-use-a-beautiful-notebook-without-being-afraid-to-ruin-it.html,https://sentimentalica.com/blog/img/how-to-use-a-beautiful-notebook-without-being-afraid-to-ruin-it/gen2.png,UPLOAD_THIS_three-new-journal-guides.csv,UPLOAD_THIS_three-new-journal-guides.csv,Historical CSV record; handoff status unknown,,No,,,,2026-08-11,2026-08-12
how-to-use-a-beautiful-notebook-without-being-afraid-to-ruin-it,https://sentimentalica.com/blog/how-to-use-a-beautiful-notebook-without-being-afraid-to-ruin-it.html,https://sentimentalica.com/blog/img/how-to-use-a-beautiful-notebook-without-being-afraid-to-ruin-it/gen3.png,UPLOAD_THIS_three-new-journal-guides.csv,UPLOAD_THIS_three-new-journal-guides.csv,Historical CSV record; handoff status unknown,,No,,,,2026-08-11,2026-08-12
how-to-use-printable-ephemera-without-clutter,https://sentimentalica.com/blog/how-to-use-printable-ephemera-without-clutter.html,https://sentimentalica.com/blog/img/how-to-use-printable-ephemera-without-clutter/gen1.jpg,011_Lavender_Dusk.csv,011_Lavender_Dusk.csv | 032_Pastel_Dusk.csv | 035_Silk_Promise.csv | 096_Primrose_Dell.csv | UPLOAD_THIS_all-other-articles_two-week-schedule.csv,Historical CSV record; handoff status unknown,,No,,,,2026-08-06 | 2026-08-12 | 2026-08-18 | 2026-08-24,2026-08-12
how-to-use-printable-ephemera-without-clutter,https://sentimentalica.com/blog/how-to-use-printable-ephemera-without-clutter.html,https://sentimentalica.com/blog/img/how-to-use-printable-ephemera-without-clutter/gen2.jpg,UPLOAD_THIS_all-other-articles_two-week-schedule.csv,UPLOAD_THIS_all-other-articles_two-week-schedule.csv,Historical CSV record; handoff status unknown,,No,,,,2026-08-12,2026-08-12
how-to-use-printable-ephemera-without-clutter,https://sentimentalica.com/blog/how-to-use-printable-ephemera-without-clutter.html,https://sentimentalica.com/blog/img/how-to-use-printable-ephemera-without-clutter/gen3.jpg,UPLOAD_THIS_all-other-articles_two-week-schedule.csv,UPLOAD_THIS_all-other-articles_two-week-schedule.csv,Historical CSV record; handoff status unknown,,No,,,,2026-08-12,2026-08-12
how-to-use-printable-ephemera-without-clutter,https://sentimentalica.com/blog/how-to-use-printable-ephemera-without-clutter.html,https://sentimentalica.com/blog/img/how-to-use-printable-ephemera-without-clutter/palette-lavender.jpg,011_Lavender_Dusk.csv,011_Lavender_Dusk.csv | UPLOAD_THIS_all-other-articles_two-week-schedule.csv,Historical CSV record; handoff status unknown,,No,,,,2026-08-12 | 2026-08-27,2026-08-12
how-to-use-printable-ephemera-without-clutter,https://sentimentalica.com/blog/how-to-use-printable-ephemera-without-clutter.html,https://sentimentalica.com/blog/img/how-to-use-printable-ephemera-without-clutter/palette-primrose.jpg,096_Primrose_Dell.csv,096_Primrose_Dell.csv | UPLOAD_THIS_all-other-articles_two-week-schedule.csv,Historical CSV record; handoff status unknown,,No,,,,2026-08-12 | 2026-08-21,2026-08-12
how-to-use-printable-ephemera-without-clutter,https://sentimentalica.com/blog/how-to-use-printable-ephemera-without-clutter.html,https://sentimentalica.com/blog/img/how-to-use-printable-ephemera-without-clutter/palette-rose.jpg,032_Pastel_Dusk.csv,032_Pastel_Dusk.csv | UPLOAD_THIS_all-other-articles_two-week-schedule.csv,Historical CSV record; handoff status unknown,,No,,,,2026-08-12 | 2026-08-15,2026-08-12
how-to-use-printable-ephemera-without-clutter,https://sentimentalica.com/blog/how-to-use-printable-ephemera-without-clutter.html,https://sentimentalica.com/blog/img/how-to-use-printable-ephemera-without-clutter/palette-sage.jpg,035_Silk_Promise.csv,035_Silk_Promise.csv | UPLOAD_THIS_all-other-articles_two-week-schedule.csv,Historical CSV record; handoff status unknown,,No,,,,2026-08-09 | 2026-08-12,2026-08-12
how-to-use-printable-ephemera-without-clutter,https://sentimentalica.com/blog/how-to-use-printable-ephemera-without-clutter.html,https://sentimentalica.com/blog/img/how-to-use-printable-ephemera-without-clutter/pastel-090.jpg,UPLOAD_THIS_all-other-articles_two-week-schedule.csv,UPLOAD_THIS_all-other-articles_two-week-schedule.csv,Historical CSV record; handoff status unknown,,No,,,,2026-08-12,2026-08-12
how-to-use-printable-ephemera-without-clutter,https://sentimentalica.com/blog/how-to-use-printable-ephemera-without-clutter.html,https://sentimentalica.com/blog/img/how-to-use-printable-ephemera-without-clutter/pastel-105.jpg,UPLOAD_THIS_all-other-articles_two-week-schedule.csv,UPLOAD_THIS_all-other-articles_two-week-schedule.csv,Historical CSV record; handoff status unknown,,No,,,,2026-08-12,2026-08-12
how-to-use-printable-ephemera-without-clutter,https://sentimentalica.com/blog/how-to-use-printable-ephemera-without-clutter.html,https://sentimentalica.com/blog/img/how-to-use-printable-ephemera-without-clutter/pastel-179.jpg,UPLOAD_THIS_all-other-articles_two-week-schedule.csv,UPLOAD_THIS_all-other-articles_two-week-schedule.csv,Historical CSV record; handoff status unknown,,No,,,,2026-08-12,2026-08-12
how-to-use-red-poppies-without-overpowering-a-journal-page,https://sentimentalica.com/blog/how-to-use-red-poppies-without-overpowering-a-journal-page.html,https://sentimentalica.com/blog/img/how-to-use-red-poppies-without-overpowering-a-journal-page/gen1.png,UPLOAD_THIS_latest-articles_five-day-schedule_2026-08-12.csv,UPLOAD_THIS_latest-articles_five-day-schedule_2026-08-12.csv,Pinterest upload confirmed by Ksenia,2026-08-12,Yes,2026-08-12,Accepted,,2026-08-16,2026-08-12
how-to-use-red-poppies-without-overpowering-a-journal-page,https://sentimentalica.com/blog/how-to-use-red-poppies-without-overpowering-a-journal-page.html,https://sentimentalica.com/blog/img/how-to-use-red-poppies-without-overpowering-a-journal-page/gen2.png,UPLOAD_THIS_latest-articles_five-day-schedule_2026-08-12.csv,UPLOAD_THIS_latest-articles_five-day-schedule_2026-08-12.csv,Pinterest upload confirmed by Ksenia,2026-08-12,Yes,2026-08-12,Accepted,,2026-08-16,2026-08-12
how-to-use-red-poppies-without-overpowering-a-journal-page,https://sentimentalica.com/blog/how-to-use-red-poppies-without-overpowering-a-journal-page.html,https://sentimentalica.com/blog/img/how-to-use-red-poppies-without-overpowering-a-journal-page/palette-poppy-border.jpg,UPLOAD_THIS_latest-articles_five-day-schedule_2026-08-12.csv,UPLOAD_THIS_latest-articles_five-day-schedule_2026-08-12.csv,Pinterest upload confirmed by Ksenia,2026-08-12,Yes,2026-08-12,Accepted,,2026-08-16,2026-08-12
how-to-use-red-poppies-without-overpowering-a-journal-page,https://sentimentalica.com/blog/how-to-use-red-poppies-without-overpowering-a-journal-page.html,https://sentimentalica.com/blog/img/how-to-use-red-poppies-without-overpowering-a-journal-page/palette-poppy-meadow.jpg,UPLOAD_THIS_latest-articles_five-day-schedule_2026-08-12.csv,UPLOAD_THIS_latest-articles_five-day-schedule_2026-08-12.csv,Pinterest upload confirmed by Ksenia,2026-08-12,Yes,2026-08-12,Accepted,,2026-08-14,2026-08-12
how-to-use-red-poppies-without-overpowering-a-journal-page,https://sentimentalica.com/blog/how-to-use-red-poppies-without-overpowering-a-journal-page.html,https://sentimentalica.com/blog/img/how-to-use-red-poppies-without-overpowering-a-journal-page/palette-wildflower-edge.jpg,UPLOAD_THIS_latest-articles_five-day-schedule_2026-08-12.csv,UPLOAD_THIS_latest-articles_five-day-schedule_2026-08-12.csv,Pinterest upload confirmed by Ksenia,2026-08-12,Yes,2026-08-12,Accepted,,2026-08-16,2026-08-12
how-to-use-red-poppies-without-overpowering-a-journal-page,https://sentimentalica.com/blog/how-to-use-red-poppies-without-overpowering-a-journal-page.html,https://sentimentalica.com/blog/img/how-to-use-red-poppies-without-overpowering-a-journal-page/poppy-border-page.jpg,UPLOAD_THIS_latest-articles_five-day-schedule_2026-08-12.csv,UPLOAD_THIS_latest-articles_five-day-schedule_2026-08-12.csv,Pinterest upload confirmed by Ksenia,2026-08-12,Yes,2026-08-12,Accepted,,2026-08-13,2026-08-12
how-to-use-red-poppies-without-overpowering-a-journal-page,https://sentimentalica.com/blog/how-to-use-red-poppies-without-overpowering-a-journal-page.html,https://sentimentalica.com/blog/img/how-to-use-red-poppies-without-overpowering-a-journal-page/poppy-meadow-page.jpg,UPLOAD_THIS_latest-articles_five-day-schedule_2026-08-12.csv,UPLOAD_RETRY_ONLY_38-duplicate-titles-fixed_2026-08-12.csv | UPLOAD_THIS_latest-articles_five-day-schedule_2026-08-12.csv,CSV provided to Ksenia; Pinterest upload not confirmed,2026-08-12,No,,Rejected,Multiples rows with the same title,2026-08-15,2026-08-12
how-to-use-red-poppies-without-overpowering-a-journal-page,https://sentimentalica.com/blog/how-to-use-red-poppies-without-overpowering-a-journal-page.html,https://sentimentalica.com/blog/img/how-to-use-red-poppies-without-overpowering-a-journal-page/wildflower-edge-page.jpg,UPLOAD_THIS_latest-articles_five-day-schedule_2026-08-12.csv,UPLOAD_RETRY_ONLY_38-duplicate-titles-fixed_2026-08-12.csv | UPLOAD_THIS_latest-articles_five-day-schedule_2026-08-12.csv,CSV provided to Ksenia; Pinterest upload not confirmed,2026-08-12,No,,Rejected,Multiples rows with the same title,2026-08-12,2026-08-12
how-to-use-yellow-flowers-without-making-a-journal-page-too-sweet,https://sentimentalica.com/blog/how-to-use-yellow-flowers-without-making-a-journal-page-too-sweet.html,https://sentimentalica.com/blog/img/how-to-use-yellow-flowers-without-making-a-journal-page-too-sweet/daisy-page-018.jpg,UPLOAD_THIS_latest-articles_five-day-schedule_2026-08-12.csv,UPLOAD_THIS_latest-articles_five-day-schedule_2026-08-12.csv,Pinterest upload confirmed by Ksenia,2026-08-12,Yes,2026-08-12,Accepted,,2026-08-12,2026-08-12
how-to-use-yellow-flowers-without-making-a-journal-page-too-sweet,https://sentimentalica.com/blog/how-to-use-yellow-flowers-without-making-a-journal-page-too-sweet.html,https://sentimentalica.com/blog/img/how-to-use-yellow-flowers-without-making-a-journal-page-too-sweet/daisy-page-068.jpg,UPLOAD_THIS_latest-articles_five-day-schedule_2026-08-12.csv,UPLOAD_THIS_latest-articles_five-day-schedule_2026-08-12.csv,Pinterest upload confirmed by Ksenia,2026-08-12,Yes,2026-08-12,Accepted,,2026-08-14,2026-08-12
how-to-use-yellow-flowers-without-making-a-journal-page-too-sweet,https://sentimentalica.com/blog/how-to-use-yellow-flowers-without-making-a-journal-page-too-sweet.html,https://sentimentalica.com/blog/img/how-to-use-yellow-flowers-without-making-a-journal-page-too-sweet/daisy-page-186.jpg,UPLOAD_THIS_latest-articles_five-day-schedule_2026-08-12.csv,UPLOAD_THIS_latest-articles_five-day-schedule_2026-08-12.csv,Pinterest upload confirmed by Ksenia,2026-08-12,Yes,2026-08-12,Accepted,,2026-08-16,2026-08-12
how-to-use-yellow-flowers-without-making-a-journal-page-too-sweet,https://sentimentalica.com/blog/how-to-use-yellow-flowers-without-making-a-journal-page-too-sweet.html,https://sentimentalica.com/blog/img/how-to-use-yellow-flowers-without-making-a-journal-page-too-sweet/gen1.png,UPLOAD_THIS_latest-articles_five-day-schedule_2026-08-12.csv,UPLOAD_THIS_latest-articles_five-day-schedule_2026-08-12.csv,Pinterest upload confirmed by Ksenia,2026-08-12,Yes,2026-08-12,Accepted,,2026-08-16,2026-08-12
how-to-use-yellow-flowers-without-making-a-journal-page-too-sweet,https://sentimentalica.com/blog/how-to-use-yellow-flowers-without-making-a-journal-page-too-sweet.html,https://sentimentalica.com/blog/img/how-to-use-yellow-flowers-without-making-a-journal-page-too-sweet/gen2.png,UPLOAD_THIS_latest-articles_five-day-schedule_2026-08-12.csv,UPLOAD_THIS_latest-articles_five-day-schedule_2026-08-12.csv,Pinterest upload confirmed by Ksenia,2026-08-12,Yes,2026-08-12,Accepted,,2026-08-15,2026-08-12
how-to-use-yellow-flowers-without-making-a-journal-page-too-sweet,https://sentimentalica.com/blog/how-to-use-yellow-flowers-without-making-a-journal-page-too-sweet.html,https://sentimentalica.com/blog/img/how-to-use-yellow-flowers-without-making-a-journal-page-too-sweet/palette-daisy-path.jpg,UPLOAD_THIS_latest-articles_five-day-schedule_2026-08-12.csv,UPLOAD_THIS_latest-articles_five-day-schedule_2026-08-12.csv,Pinterest upload confirmed by Ksenia,2026-08-12,Yes,2026-08-12,Accepted,,2026-08-13,2026-08-12
how-to-use-yellow-flowers-without-making-a-journal-page-too-sweet,https://sentimentalica.com/blog/how-to-use-yellow-flowers-without-making-a-journal-page-too-sweet.html,https://sentimentalica.com/blog/img/how-to-use-yellow-flowers-without-making-a-journal-page-too-sweet/palette-daisy-picnic.jpg,UPLOAD_THIS_latest-articles_five-day-schedule_2026-08-12.csv,UPLOAD_THIS_latest-articles_five-day-schedule_2026-08-12.csv,Pinterest upload confirmed by Ksenia,2026-08-12,Yes,2026-08-12,Accepted,,2026-08-16,2026-08-12
how-to-use-yellow-flowers-without-making-a-journal-page-too-sweet,https://sentimentalica.com/blog/how-to-use-yellow-flowers-without-making-a-journal-page-too-sweet.html,https://sentimentalica.com/blog/img/how-to-use-yellow-flowers-without-making-a-journal-page-too-sweet/palette-daisy-stems.jpg,UPLOAD_THIS_latest-articles_five-day-schedule_2026-08-12.csv,UPLOAD_THIS_latest-articles_five-day-schedule_2026-08-12.csv,Pinterest upload confirmed by Ksenia,2026-08-12,Yes,2026-08-12,Accepted,,2026-08-16,2026-08-12
ink-parchment-damask-rose-and-antique-gold,https://sentimentalica.com/blog/ink-parchment-damask-rose-and-antique-gold.html,https://sentimentalica.com/blog/img/ink-parchment-damask-rose-and-antique-gold/palette.png,UPLOAD_THIS_11_articles_2026-08-29.csv,UPLOAD_THIS_11_articles_2026-08-29.csv,CSV provided to Ksenia; Pinterest upload not confirmed,2026-08-20,No,,,,2026-08-29,2026-08-20
ink-parchment-damask-rose-and-antique-gold,https://sentimentalica.com/blog/ink-parchment-damask-rose-and-antique-gold.html,https://sentimentalica.com/blog/img/ink-parchment-damask-rose-and-antique-gold/scene.png,UPLOAD_THIS_11_articles_2026-08-29.csv,UPLOAD_THIS_11_articles_2026-08-29.csv,CSV provided to Ksenia; Pinterest upload not confirmed,2026-08-20,No,,,,2026-08-29,2026-08-20
journal-mistakes-to-avoid-before-you-start-over,https://sentimentalica.com/blog/journal-mistakes-to-avoid-before-you-start-over.html,https://sentimentalica.com/blog/img/journal-mistakes-to-avoid-before-you-start-over/gen1.png,UPLOAD_THIS_latest-articles_five-day-schedule_2026-08-12.csv,UPLOAD_THIS_latest-articles_five-day-schedule_2026-08-12.csv,Pinterest upload confirmed by Ksenia,2026-08-12,Yes,2026-08-12,Accepted,,2026-08-12,2026-08-12
journal-mistakes-to-avoid-before-you-start-over,https://sentimentalica.com/blog/journal-mistakes-to-avoid-before-you-start-over.html,https://sentimentalica.com/blog/img/journal-mistakes-to-avoid-before-you-start-over/gen2.png,UPLOAD_THIS_latest-articles_five-day-schedule_2026-08-12.csv,UPLOAD_THIS_latest-articles_five-day-schedule_2026-08-12.csv,Pinterest upload confirmed by Ksenia,2026-08-12,Yes,2026-08-12,Accepted,,2026-08-12,2026-08-12
journal-mistakes-to-avoid-before-you-start-over,https://sentimentalica.com/blog/journal-mistakes-to-avoid-before-you-start-over.html,https://sentimentalica.com/blog/img/journal-mistakes-to-avoid-before-you-start-over/gen3.png,UPLOAD_THIS_latest-articles_five-day-schedule_2026-08-12.csv,UPLOAD_THIS_latest-articles_five-day-schedule_2026-08-12.csv,Pinterest upload confirmed by Ksenia,2026-08-12,Yes,2026-08-12,Accepted,,2026-08-12,2026-08-12
journal-mistakes-to-avoid-before-you-start-over,https://sentimentalica.com/blog/journal-mistakes-to-avoid-before-you-start-over.html,https://sentimentalica.com/blog/img/journal-mistakes-to-avoid-before-you-start-over/page1.jpg,UPLOAD_THIS_latest-articles_five-day-schedule_2026-08-12.csv,UPLOAD_THIS_latest-articles_five-day-schedule_2026-08-12.csv,Pinterest upload confirmed by Ksenia,2026-08-12,Yes,2026-08-12,Accepted,,2026-08-16,2026-08-12
journal-mistakes-to-avoid-before-you-start-over,https://sentimentalica.com/blog/journal-mistakes-to-avoid-before-you-start-over.html,https://sentimentalica.com/blog/img/journal-mistakes-to-avoid-before-you-start-over/page2.jpg,UPLOAD_THIS_latest-articles_five-day-schedule_2026-08-12.csv,UPLOAD_RETRY_ONLY_38-duplicate-titles-fixed_2026-08-12.csv | UPLOAD_THIS_latest-articles_five-day-schedule_2026-08-12.csv,CSV provided to Ksenia; Pinterest upload not confirmed,2026-08-12,No,,Rejected,Multiples rows with the same title,2026-08-13,2026-08-12
journal-mistakes-to-avoid-before-you-start-over,https://sentimentalica.com/blog/journal-mistakes-to-avoid-before-you-start-over.html,https://sentimentalica.com/blog/img/journal-mistakes-to-avoid-before-you-start-over/page3.jpg,UPLOAD_THIS_latest-articles_five-day-schedule_2026-08-12.csv,UPLOAD_THIS_latest-articles_five-day-schedule_2026-08-12.csv,Pinterest upload confirmed by Ksenia,2026-08-12,Yes,2026-08-12,Accepted,,2026-08-15,2026-08-12
journal-mistakes-to-avoid-before-you-start-over,https://sentimentalica.com/blog/journal-mistakes-to-avoid-before-you-start-over.html,https://sentimentalica.com/blog/img/journal-mistakes-to-avoid-before-you-start-over/palette1.jpg,UPLOAD_THIS_latest-articles_five-day-schedule_2026-08-12.csv,UPLOAD_THIS_latest-articles_five-day-schedule_2026-08-12.csv,Pinterest upload confirmed by Ksenia,2026-08-12,Yes,2026-08-12,Accepted,,2026-08-12,2026-08-12
journal-mistakes-to-avoid-before-you-start-over,https://sentimentalica.com/blog/journal-mistakes-to-avoid-before-you-start-over.html,https://sentimentalica.com/blog/img/journal-mistakes-to-avoid-before-you-start-over/palette2.jpg,UPLOAD_THIS_latest-articles_five-day-schedule_2026-08-12.csv,UPLOAD_THIS_latest-articles_five-day-schedule_2026-08-12.csv,Pinterest upload confirmed by Ksenia,2026-08-12,Yes,2026-08-12,Accepted,,2026-08-14,2026-08-12
junk-journal-mistakes-that-make-pages-harder-to-use,https://sentimentalica.com/blog/junk-journal-mistakes-that-make-pages-harder-to-use.html,https://sentimentalica.com/blog/img/junk-journal-mistakes-that-make-pages-harder-to-use/gen1.png,UPLOAD_THIS_latest-11-articles_2026-08-18_to_2026-08-21.csv,UPLOAD_THIS_latest-11-articles_2026-08-18_to_2026-08-21.csv,CSV provided to Ksenia; Pinterest upload not confirmed,2026-08-14,No,,,,2026-08-18,2026-08-14
junk-journal-mistakes-that-make-pages-harder-to-use,https://sentimentalica.com/blog/junk-journal-mistakes-that-make-pages-harder-to-use.html,https://sentimentalica.com/blog/img/junk-journal-mistakes-that-make-pages-harder-to-use/gen2.png,UPLOAD_THIS_latest-11-articles_2026-08-18_to_2026-08-21.csv,UPLOAD_THIS_latest-11-articles_2026-08-18_to_2026-08-21.csv,CSV provided to Ksenia; Pinterest upload not confirmed,2026-08-14,No,,,,2026-08-18,2026-08-14
ledger-textile-junk-journal-palette-ideas,https://sentimentalica.com/blog/ledger-textile-junk-journal-palette-ideas.html,https://sentimentalica.com/blog/img/ledger-textile-junk-journal-palette-ideas/gen1.jpg,202_Ledger_Textile.csv,202_Ledger_Textile.csv | UPLOAD_THIS_all-other-articles_two-week-schedule.csv,Historical CSV record; handoff status unknown,,No,,,,2026-08-21,2026-08-12
ledger-textile-junk-journal-palette-ideas,https://sentimentalica.com/blog/ledger-textile-junk-journal-palette-ideas.html,https://sentimentalica.com/blog/img/ledger-textile-junk-journal-palette-ideas/gen2.jpg,202_Ledger_Textile.csv,202_Ledger_Textile.csv | UPLOAD_THIS_all-other-articles_two-week-schedule.csv,Historical CSV record; handoff status unknown,,No,,,,2026-08-21,2026-08-12
ledger-textile-junk-journal-palette-ideas,https://sentimentalica.com/blog/ledger-textile-junk-journal-palette-ideas.html,https://sentimentalica.com/blog/img/ledger-textile-junk-journal-palette-ideas/gen3.jpg,202_Ledger_Textile.csv,202_Ledger_Textile.csv | UPLOAD_THIS_all-other-articles_two-week-schedule.csv,Historical CSV record; handoff status unknown,,No,,,,2026-08-21,2026-08-12
ledger-textile-junk-journal-palette-ideas,https://sentimentalica.com/blog/ledger-textile-junk-journal-palette-ideas.html,https://sentimentalica.com/blog/img/ledger-textile-junk-journal-palette-ideas/page1.jpg,UPLOAD_THIS_all-other-articles_two-week-schedule.csv,UPLOAD_THIS_all-other-articles_two-week-schedule.csv,Historical CSV record; handoff status unknown,,No,,,,2026-08-21,2026-08-12
ledger-textile-junk-journal-palette-ideas,https://sentimentalica.com/blog/ledger-textile-junk-journal-palette-ideas.html,https://sentimentalica.com/blog/img/ledger-textile-junk-journal-palette-ideas/page2.jpg,UPLOAD_THIS_all-other-articles_two-week-schedule.csv,UPLOAD_THIS_all-other-articles_two-week-schedule.csv,Historical CSV record; handoff status unknown,,No,,,,2026-08-21,2026-08-12
ledger-textile-junk-journal-palette-ideas,https://sentimentalica.com/blog/ledger-textile-junk-journal-palette-ideas.html,https://sentimentalica.com/blog/img/ledger-textile-junk-journal-palette-ideas/page3.jpg,UPLOAD_THIS_all-other-articles_two-week-schedule.csv,UPLOAD_THIS_all-other-articles_two-week-schedule.csv,Historical CSV record; handoff status unknown,,No,,,,2026-08-21,2026-08-12
morning-brew-junk-journal-palette-ideas,https://sentimentalica.com/blog/morning-brew-junk-journal-palette-ideas.html,https://sentimentalica.com/blog/img/morning-brew-junk-journal-palette-ideas/gen1.jpg,117_Morning_Brew.csv,117_Morning_Brew.csv,Historical CSV record; handoff status unknown,,No,,,,2026-07-31,2026-08-12
morning-brew-junk-journal-palette-ideas,https://sentimentalica.com/blog/morning-brew-junk-journal-palette-ideas.html,https://sentimentalica.com/blog/img/morning-brew-junk-journal-palette-ideas/gen2.jpg,117_Morning_Brew.csv,117_Morning_Brew.csv,Historical CSV record; handoff status unknown,,No,,,,2026-08-01,2026-08-12
morning-brew-junk-journal-palette-ideas,https://sentimentalica.com/blog/morning-brew-junk-journal-palette-ideas.html,https://sentimentalica.com/blog/img/morning-brew-junk-journal-palette-ideas/gen4.jpg,117_Morning_Brew.csv,117_Morning_Brew.csv,Historical CSV record; handoff status unknown,,No,,,,2026-08-02,2026-08-12
morning-brew-junk-journal-palette-ideas,https://sentimentalica.com/blog/morning-brew-junk-journal-palette-ideas.html,https://sentimentalica.com/blog/img/morning-brew-junk-journal-palette-ideas/gen5.jpg,117_Morning_Brew.csv,117_Morning_Brew.csv,Historical CSV record; handoff status unknown,,No,,,,2026-08-03,2026-08-12
nectar-bloom-tropical-botanical-journal-palette,https://sentimentalica.com/blog/nectar-bloom-tropical-botanical-journal-palette.html,https://sentimentalica.com/blog/img/nectar-bloom-tropical-botanical-journal-palette/atmospheric.png,UPLOAD_THIS_five-palette-articles_2026-08-22_to_2026-08-24.csv,UPLOAD_THIS_five-palette-articles_2026-08-22_to_2026-08-24.csv,CSV provided to Ksenia; Pinterest upload not confirmed,2026-08-14,No,,,,2026-08-24,2026-08-14
nectar-bloom-tropical-botanical-journal-palette,https://sentimentalica.com/blog/nectar-bloom-tropical-botanical-journal-palette.html,https://sentimentalica.com/blog/img/nectar-bloom-tropical-botanical-journal-palette/page-1.jpg,UPLOAD_THIS_five-palette-articles_2026-08-22_to_2026-08-24.csv,UPLOAD_THIS_five-palette-articles_2026-08-22_to_2026-08-24.csv,CSV provided to Ksenia; Pinterest upload not confirmed,2026-08-14,No,,,,2026-08-23,2026-08-14
nectar-bloom-tropical-botanical-journal-palette,https://sentimentalica.com/blog/nectar-bloom-tropical-botanical-journal-palette.html,https://sentimentalica.com/blog/img/nectar-bloom-tropical-botanical-journal-palette/page-2.jpg,UPLOAD_THIS_five-palette-articles_2026-08-22_to_2026-08-24.csv,UPLOAD_THIS_five-palette-articles_2026-08-22_to_2026-08-24.csv,CSV provided to Ksenia; Pinterest upload not confirmed,2026-08-14,No,,,,2026-08-24,2026-08-14
nectar-bloom-tropical-botanical-journal-palette,https://sentimentalica.com/blog/nectar-bloom-tropical-botanical-journal-palette.html,https://sentimentalica.com/blog/img/nectar-bloom-tropical-botanical-journal-palette/page-3.jpg,UPLOAD_THIS_five-palette-articles_2026-08-22_to_2026-08-24.csv,UPLOAD_THIS_five-palette-articles_2026-08-22_to_2026-08-24.csv,CSV provided to Ksenia; Pinterest upload not confirmed,2026-08-14,No,,,,2026-08-22,2026-08-14
nectar-bloom-tropical-botanical-journal-palette,https://sentimentalica.com/blog/nectar-bloom-tropical-botanical-journal-palette.html,https://sentimentalica.com/blog/img/nectar-bloom-tropical-botanical-journal-palette/palette-1.jpg,UPLOAD_THIS_five-palette-articles_2026-08-22_to_2026-08-24.csv,UPLOAD_THIS_five-palette-articles_2026-08-22_to_2026-08-24.csv,CSV provided to Ksenia; Pinterest upload not confirmed,2026-08-14,No,,,,2026-08-22,2026-08-14
nectar-bloom-tropical-botanical-journal-palette,https://sentimentalica.com/blog/nectar-bloom-tropical-botanical-journal-palette.html,https://sentimentalica.com/blog/img/nectar-bloom-tropical-botanical-journal-palette/palette-2.jpg,UPLOAD_THIS_five-palette-articles_2026-08-22_to_2026-08-24.csv,UPLOAD_THIS_five-palette-articles_2026-08-22_to_2026-08-24.csv,CSV provided to Ksenia; Pinterest upload not confirmed,2026-08-14,No,,,,2026-08-23,2026-08-14
nectar-bloom-tropical-botanical-journal-palette,https://sentimentalica.com/blog/nectar-bloom-tropical-botanical-journal-palette.html,https://sentimentalica.com/blog/img/nectar-bloom-tropical-botanical-journal-palette/palette-3.jpg,UPLOAD_THIS_five-palette-articles_2026-08-22_to_2026-08-24.csv,UPLOAD_THIS_five-palette-articles_2026-08-22_to_2026-08-24.csv,CSV provided to Ksenia; Pinterest upload not confirmed,2026-08-14,No,,,,2026-08-22,2026-08-14
nectar-bloom-tropical-botanical-journal-palette,https://sentimentalica.com/blog/nectar-bloom-tropical-botanical-journal-palette.html,https://sentimentalica.com/blog/img/nectar-bloom-tropical-botanical-journal-palette/process.png,UPLOAD_THIS_five-palette-articles_2026-08-22_to_2026-08-24.csv,UPLOAD_THIS_five-palette-articles_2026-08-22_to_2026-08-24.csv,CSV provided to Ksenia; Pinterest upload not confirmed,2026-08-14,No,,,,2026-08-24,2026-08-14
orange-and-teal-butterfly-journal-colors-that-stay-balanced,https://sentimentalica.com/blog/orange-and-teal-butterfly-journal-colors-that-stay-balanced.html,https://sentimentalica.com/blog/img/orange-and-teal-butterfly-journal-colors-that-stay-balanced/butterfly-botanical-page.jpg,UPLOAD_THIS_latest-articles_five-day-schedule_2026-08-12.csv,UPLOAD_THIS_latest-articles_five-day-schedule_2026-08-12.csv,Pinterest upload confirmed by Ksenia,2026-08-12,Yes,2026-08-12,Accepted,,2026-08-12,2026-08-12
orange-and-teal-butterfly-journal-colors-that-stay-balanced,https://sentimentalica.com/blog/orange-and-teal-butterfly-journal-colors-that-stay-balanced.html,https://sentimentalica.com/blog/img/orange-and-teal-butterfly-journal-colors-that-stay-balanced/butterfly-terrarium-page.jpg,UPLOAD_THIS_latest-articles_five-day-schedule_2026-08-12.csv,UPLOAD_RETRY_ONLY_38-duplicate-titles-fixed_2026-08-12.csv | UPLOAD_THIS_latest-articles_five-day-schedule_2026-08-12.csv,CSV provided to Ksenia; Pinterest upload not confirmed,2026-08-12,No,,Rejected,Multiples rows with the same title,2026-08-16,2026-08-12
orange-and-teal-butterfly-journal-colors-that-stay-balanced,https://sentimentalica.com/blog/orange-and-teal-butterfly-journal-colors-that-stay-balanced.html,https://sentimentalica.com/blog/img/orange-and-teal-butterfly-journal-colors-that-stay-balanced/gen1.png,UPLOAD_THIS_latest-articles_five-day-schedule_2026-08-12.csv,UPLOAD_THIS_latest-articles_five-day-schedule_2026-08-12.csv,Pinterest upload confirmed by Ksenia,2026-08-12,Yes,2026-08-12,Accepted,,2026-08-15,2026-08-12
orange-and-teal-butterfly-journal-colors-that-stay-balanced,https://sentimentalica.com/blog/orange-and-teal-butterfly-journal-colors-that-stay-balanced.html,https://sentimentalica.com/blog/img/orange-and-teal-butterfly-journal-colors-that-stay-balanced/gen2.png,UPLOAD_THIS_latest-articles_five-day-schedule_2026-08-12.csv,UPLOAD_THIS_latest-articles_five-day-schedule_2026-08-12.csv,Pinterest upload confirmed by Ksenia,2026-08-12,Yes,2026-08-12,Accepted,,2026-08-15,2026-08-12
orange-and-teal-butterfly-journal-colors-that-stay-balanced,https://sentimentalica.com/blog/orange-and-teal-butterfly-journal-colors-that-stay-balanced.html,https://sentimentalica.com/blog/img/orange-and-teal-butterfly-journal-colors-that-stay-balanced/gen3.png,UPLOAD_THIS_latest-articles_five-day-schedule_2026-08-12.csv,UPLOAD_THIS_latest-articles_five-day-schedule_2026-08-12.csv,Pinterest upload confirmed by Ksenia,2026-08-12,Yes,2026-08-12,Accepted,,2026-08-15,2026-08-12
orange-and-teal-butterfly-journal-colors-that-stay-balanced,https://sentimentalica.com/blog/orange-and-teal-butterfly-journal-colors-that-stay-balanced.html,https://sentimentalica.com/blog/img/orange-and-teal-butterfly-journal-colors-that-stay-balanced/orange-teal-butterfly-page.jpg,UPLOAD_THIS_latest-articles_five-day-schedule_2026-08-12.csv,UPLOAD_THIS_latest-articles_five-day-schedule_2026-08-12.csv,Pinterest upload confirmed by Ksenia,2026-08-12,Yes,2026-08-12,Accepted,,2026-08-14,2026-08-12
orange-and-teal-butterfly-journal-colors-that-stay-balanced,https://sentimentalica.com/blog/orange-and-teal-butterfly-journal-colors-that-stay-balanced.html,https://sentimentalica.com/blog/img/orange-and-teal-butterfly-journal-colors-that-stay-balanced/palette-butterfly-botanical.jpg,UPLOAD_THIS_latest-articles_five-day-schedule_2026-08-12.csv,UPLOAD_THIS_latest-articles_five-day-schedule_2026-08-12.csv,Pinterest upload confirmed by Ksenia,2026-08-12,Yes,2026-08-12,Accepted,,2026-08-13,2026-08-12
orange-and-teal-butterfly-journal-colors-that-stay-balanced,https://sentimentalica.com/blog/orange-and-teal-butterfly-journal-colors-that-stay-balanced.html,https://sentimentalica.com/blog/img/orange-and-teal-butterfly-journal-colors-that-stay-balanced/palette-butterfly-terrarium.jpg,UPLOAD_THIS_latest-articles_five-day-schedule_2026-08-12.csv,UPLOAD_THIS_latest-articles_five-day-schedule_2026-08-12.csv,Pinterest upload confirmed by Ksenia,2026-08-12,Yes,2026-08-12,Accepted,,2026-08-15,2026-08-12
paper-storage-mistakes-that-hide-your-best-supplies,https://sentimentalica.com/blog/paper-storage-mistakes-that-hide-your-best-supplies.html,https://sentimentalica.com/blog/img/paper-storage-mistakes-that-hide-your-best-supplies/gen1.png,UPLOAD_THIS_latest-11-articles_2026-08-18_to_2026-08-21.csv,UPLOAD_THIS_latest-11-articles_2026-08-18_to_2026-08-21.csv,CSV provided to Ksenia; Pinterest upload not confirmed,2026-08-14,No,,,,2026-08-19,2026-08-14
paper-storage-mistakes-that-hide-your-best-supplies,https://sentimentalica.com/blog/paper-storage-mistakes-that-hide-your-best-supplies.html,https://sentimentalica.com/blog/img/paper-storage-mistakes-that-hide-your-best-supplies/gen2.png,UPLOAD_THIS_latest-11-articles_2026-08-18_to_2026-08-21.csv,UPLOAD_THIS_latest-11-articles_2026-08-18_to_2026-08-21.csv,CSV provided to Ksenia; Pinterest upload not confirmed,2026-08-14,No,,,,2026-08-19,2026-08-14
peach-cream-and-olive-color-mix-for-romantic-journal-pages,https://sentimentalica.com/blog/peach-cream-and-olive-color-mix-for-romantic-journal-pages.html,https://sentimentalica.com/blog/img/peach-cream-and-olive-color-mix-for-romantic-journal-pages/gen1.png,UPLOAD_THIS_latest-articles_five-day-schedule_2026-08-12.csv,UPLOAD_THIS_latest-articles_five-day-schedule_2026-08-12.csv,Pinterest upload confirmed by Ksenia,2026-08-12,Yes,2026-08-12,Accepted,,2026-08-12,2026-08-12
peach-cream-and-olive-color-mix-for-romantic-journal-pages,https://sentimentalica.com/blog/peach-cream-and-olive-color-mix-for-romantic-journal-pages.html,https://sentimentalica.com/blog/img/peach-cream-and-olive-color-mix-for-romantic-journal-pages/gen2.png,UPLOAD_THIS_latest-articles_five-day-schedule_2026-08-12.csv,UPLOAD_THIS_latest-articles_five-day-schedule_2026-08-12.csv,Pinterest upload confirmed by Ksenia,2026-08-12,Yes,2026-08-12,Accepted,,2026-08-12,2026-08-12
peach-cream-and-olive-color-mix-for-romantic-journal-pages,https://sentimentalica.com/blog/peach-cream-and-olive-color-mix-for-romantic-journal-pages.html,https://sentimentalica.com/blog/img/peach-cream-and-olive-color-mix-for-romantic-journal-pages/gen3.png,UPLOAD_THIS_latest-articles_five-day-schedule_2026-08-12.csv,UPLOAD_THIS_latest-articles_five-day-schedule_2026-08-12.csv,Pinterest upload confirmed by Ksenia,2026-08-12,Yes,2026-08-12,Accepted,,2026-08-12,2026-08-12
peach-cream-and-olive-color-mix-for-romantic-journal-pages,https://sentimentalica.com/blog/peach-cream-and-olive-color-mix-for-romantic-journal-pages.html,https://sentimentalica.com/blog/img/peach-cream-and-olive-color-mix-for-romantic-journal-pages/palette-peach-bouquet.jpg,UPLOAD_THIS_latest-articles_five-day-schedule_2026-08-12.csv,UPLOAD_THIS_latest-articles_five-day-schedule_2026-08-12.csv,Pinterest upload confirmed by Ksenia,2026-08-12,Yes,2026-08-12,Accepted,,2026-08-12,2026-08-12
peach-cream-and-olive-color-mix-for-romantic-journal-pages,https://sentimentalica.com/blog/peach-cream-and-olive-color-mix-for-romantic-journal-pages.html,https://sentimentalica.com/blog/img/peach-cream-and-olive-color-mix-for-romantic-journal-pages/palette-peach-branch.jpg,UPLOAD_THIS_latest-articles_five-day-schedule_2026-08-12.csv,UPLOAD_THIS_latest-articles_five-day-schedule_2026-08-12.csv,Pinterest upload confirmed by Ksenia,2026-08-12,Yes,2026-08-12,Accepted,,2026-08-15,2026-08-12
peach-cream-and-olive-color-mix-for-romantic-journal-pages,https://sentimentalica.com/blog/peach-cream-and-olive-color-mix-for-romantic-journal-pages.html,https://sentimentalica.com/blog/img/peach-cream-and-olive-color-mix-for-romantic-journal-pages/palette-peach-pattern.jpg,UPLOAD_THIS_latest-articles_five-day-schedule_2026-08-12.csv,UPLOAD_THIS_latest-articles_five-day-schedule_2026-08-12.csv,Pinterest upload confirmed by Ksenia,2026-08-12,Yes,2026-08-12,Accepted,,2026-08-14,2026-08-12
peach-cream-and-olive-color-mix-for-romantic-journal-pages,https://sentimentalica.com/blog/peach-cream-and-olive-color-mix-for-romantic-journal-pages.html,https://sentimentalica.com/blog/img/peach-cream-and-olive-color-mix-for-romantic-journal-pages/peach-rose-bouquet-page.jpg,UPLOAD_THIS_latest-articles_five-day-schedule_2026-08-12.csv,UPLOAD_RETRY_ONLY_38-duplicate-titles-fixed_2026-08-12.csv | UPLOAD_THIS_latest-articles_five-day-schedule_2026-08-12.csv,CSV provided to Ksenia; Pinterest upload not confirmed,2026-08-12,No,,Rejected,Multiples rows with the same title,2026-08-13,2026-08-12
peach-cream-and-olive-color-mix-for-romantic-journal-pages,https://sentimentalica.com/blog/peach-cream-and-olive-color-mix-for-romantic-journal-pages.html,https://sentimentalica.com/blog/img/peach-cream-and-olive-color-mix-for-romantic-journal-pages/peach-rose-branch-page.jpg,UPLOAD_THIS_latest-articles_five-day-schedule_2026-08-12.csv,UPLOAD_THIS_latest-articles_five-day-schedule_2026-08-12.csv,Pinterest upload confirmed by Ksenia,2026-08-12,Yes,2026-08-12,Accepted,,2026-08-16,2026-08-12
peach-cream-and-olive-color-mix-for-romantic-journal-pages,https://sentimentalica.com/blog/peach-cream-and-olive-color-mix-for-romantic-journal-pages.html,https://sentimentalica.com/blog/img/peach-cream-and-olive-color-mix-for-romantic-journal-pages/peach-rose-pattern-page.jpg,UPLOAD_THIS_latest-articles_five-day-schedule_2026-08-12.csv,UPLOAD_RETRY_ONLY_38-duplicate-titles-fixed_2026-08-12.csv | UPLOAD_THIS_latest-articles_five-day-schedule_2026-08-12.csv,CSV provided to Ksenia; Pinterest upload not confirmed,2026-08-12,No,,Rejected,Multiples rows with the same title,2026-08-15,2026-08-12
petal-mist-soft-floral-journal-color-palette,https://sentimentalica.com/blog/petal-mist-soft-floral-journal-color-palette.html,https://sentimentalica.com/blog/img/petal-mist-soft-floral-journal-color-palette/atmospheric.png,UPLOAD_THIS_five-palette-articles_2026-08-22_to_2026-08-24.csv,UPLOAD_THIS_five-palette-articles_2026-08-22_to_2026-08-24.csv,CSV provided to Ksenia; Pinterest upload not confirmed,2026-08-14,No,,,,2026-08-22,2026-08-14
petal-mist-soft-floral-journal-color-palette,https://sentimentalica.com/blog/petal-mist-soft-floral-journal-color-palette.html,https://sentimentalica.com/blog/img/petal-mist-soft-floral-journal-color-palette/page-1.jpg,UPLOAD_THIS_five-palette-articles_2026-08-22_to_2026-08-24.csv,UPLOAD_THIS_five-palette-articles_2026-08-22_to_2026-08-24.csv,CSV provided to Ksenia; Pinterest upload not confirmed,2026-08-14,No,,,,2026-08-24,2026-08-14
petal-mist-soft-floral-journal-color-palette,https://sentimentalica.com/blog/petal-mist-soft-floral-journal-color-palette.html,https://sentimentalica.com/blog/img/petal-mist-soft-floral-journal-color-palette/page-2.jpg,UPLOAD_THIS_five-palette-articles_2026-08-22_to_2026-08-24.csv,UPLOAD_THIS_five-palette-articles_2026-08-22_to_2026-08-24.csv,CSV provided to Ksenia; Pinterest upload not confirmed,2026-08-14,No,,,,2026-08-22,2026-08-14
petal-mist-soft-floral-journal-color-palette,https://sentimentalica.com/blog/petal-mist-soft-floral-journal-color-palette.html,https://sentimentalica.com/blog/img/petal-mist-soft-floral-journal-color-palette/page-3.jpg,UPLOAD_THIS_five-palette-articles_2026-08-22_to_2026-08-24.csv,UPLOAD_THIS_five-palette-articles_2026-08-22_to_2026-08-24.csv,CSV provided to Ksenia; Pinterest upload not confirmed,2026-08-14,No,,,,2026-08-23,2026-08-14
petal-mist-soft-floral-journal-color-palette,https://sentimentalica.com/blog/petal-mist-soft-floral-journal-color-palette.html,https://sentimentalica.com/blog/img/petal-mist-soft-floral-journal-color-palette/palette-1.jpg,UPLOAD_THIS_five-palette-articles_2026-08-22_to_2026-08-24.csv,UPLOAD_THIS_five-palette-articles_2026-08-22_to_2026-08-24.csv,CSV provided to Ksenia; Pinterest upload not confirmed,2026-08-14,No,,,,2026-08-23,2026-08-14
petal-mist-soft-floral-journal-color-palette,https://sentimentalica.com/blog/petal-mist-soft-floral-journal-color-palette.html,https://sentimentalica.com/blog/img/petal-mist-soft-floral-journal-color-palette/palette-2.jpg,UPLOAD_THIS_five-palette-articles_2026-08-22_to_2026-08-24.csv,UPLOAD_THIS_five-palette-articles_2026-08-22_to_2026-08-24.csv,CSV provided to Ksenia; Pinterest upload not confirmed,2026-08-14,No,,,,2026-08-24,2026-08-14
petal-mist-soft-floral-journal-color-palette,https://sentimentalica.com/blog/petal-mist-soft-floral-journal-color-palette.html,https://sentimentalica.com/blog/img/petal-mist-soft-floral-journal-color-palette/palette-3.jpg,UPLOAD_THIS_five-palette-articles_2026-08-22_to_2026-08-24.csv,UPLOAD_THIS_five-palette-articles_2026-08-22_to_2026-08-24.csv,CSV provided to Ksenia; Pinterest upload not confirmed,2026-08-14,No,,,,2026-08-23,2026-08-14
petal-mist-soft-floral-journal-color-palette,https://sentimentalica.com/blog/petal-mist-soft-floral-journal-color-palette.html,https://sentimentalica.com/blog/img/petal-mist-soft-floral-journal-color-palette/process.png,UPLOAD_THIS_five-palette-articles_2026-08-22_to_2026-08-24.csv,UPLOAD_THIS_five-palette-articles_2026-08-22_to_2026-08-24.csv,CSV provided to Ksenia; Pinterest upload not confirmed,2026-08-14,No,,,,2026-08-22,2026-08-14
printable-cutting-tips-for-cleaner-craft-pieces,https://sentimentalica.com/blog/printable-cutting-tips-for-cleaner-craft-pieces.html,https://sentimentalica.com/blog/img/printable-cutting-tips-for-cleaner-craft-pieces/gen1.png,UPLOAD_THIS_latest-articles_five-day-schedule_2026-08-12.csv,UPLOAD_THIS_latest-articles_five-day-schedule_2026-08-12.csv,Pinterest upload confirmed by Ksenia,2026-08-12,Yes,2026-08-12,Accepted,,2026-08-15,2026-08-12
printable-cutting-tips-for-cleaner-craft-pieces,https://sentimentalica.com/blog/printable-cutting-tips-for-cleaner-craft-pieces.html,https://sentimentalica.com/blog/img/printable-cutting-tips-for-cleaner-craft-pieces/gen2.png,UPLOAD_THIS_latest-articles_five-day-schedule_2026-08-12.csv,UPLOAD_THIS_latest-articles_five-day-schedule_2026-08-12.csv,Pinterest upload confirmed by Ksenia,2026-08-12,Yes,2026-08-12,Accepted,,2026-08-15,2026-08-12
printable-cutting-tips-for-cleaner-craft-pieces,https://sentimentalica.com/blog/printable-cutting-tips-for-cleaner-craft-pieces.html,https://sentimentalica.com/blog/img/printable-cutting-tips-for-cleaner-craft-pieces/gen3.png,UPLOAD_THIS_latest-articles_five-day-schedule_2026-08-12.csv,UPLOAD_THIS_latest-articles_five-day-schedule_2026-08-12.csv,Pinterest upload confirmed by Ksenia,2026-08-12,Yes,2026-08-12,Accepted,,2026-08-15,2026-08-12
printable-cutting-tips-for-cleaner-craft-pieces,https://sentimentalica.com/blog/printable-cutting-tips-for-cleaner-craft-pieces.html,https://sentimentalica.com/blog/img/printable-cutting-tips-for-cleaner-craft-pieces/page1.jpg,UPLOAD_THIS_latest-articles_five-day-schedule_2026-08-12.csv,UPLOAD_THIS_latest-articles_five-day-schedule_2026-08-12.csv,Pinterest upload confirmed by Ksenia,2026-08-12,Yes,2026-08-12,Accepted,,2026-08-14,2026-08-12
printable-cutting-tips-for-cleaner-craft-pieces,https://sentimentalica.com/blog/printable-cutting-tips-for-cleaner-craft-pieces.html,https://sentimentalica.com/blog/img/printable-cutting-tips-for-cleaner-craft-pieces/page2.jpg,UPLOAD_THIS_latest-articles_five-day-schedule_2026-08-12.csv,UPLOAD_RETRY_ONLY_38-duplicate-titles-fixed_2026-08-12.csv | UPLOAD_THIS_latest-articles_five-day-schedule_2026-08-12.csv,CSV provided to Ksenia; Pinterest upload not confirmed,2026-08-12,No,,Rejected,Multiples rows with the same title,2026-08-16,2026-08-12
printable-cutting-tips-for-cleaner-craft-pieces,https://sentimentalica.com/blog/printable-cutting-tips-for-cleaner-craft-pieces.html,https://sentimentalica.com/blog/img/printable-cutting-tips-for-cleaner-craft-pieces/page3.jpg,UPLOAD_THIS_latest-articles_five-day-schedule_2026-08-12.csv,UPLOAD_THIS_latest-articles_five-day-schedule_2026-08-12.csv,Pinterest upload confirmed by Ksenia,2026-08-12,Yes,2026-08-12,Accepted,,2026-08-13,2026-08-12
printable-cutting-tips-for-cleaner-craft-pieces,https://sentimentalica.com/blog/printable-cutting-tips-for-cleaner-craft-pieces.html,https://sentimentalica.com/blog/img/printable-cutting-tips-for-cleaner-craft-pieces/palette1.jpg,UPLOAD_THIS_latest-articles_five-day-schedule_2026-08-12.csv,UPLOAD_THIS_latest-articles_five-day-schedule_2026-08-12.csv,Pinterest upload confirmed by Ksenia,2026-08-12,Yes,2026-08-12,Accepted,,2026-08-15,2026-08-12
printable-cutting-tips-for-cleaner-craft-pieces,https://sentimentalica.com/blog/printable-cutting-tips-for-cleaner-craft-pieces.html,https://sentimentalica.com/blog/img/printable-cutting-tips-for-cleaner-craft-pieces/palette2.jpg,UPLOAD_THIS_latest-articles_five-day-schedule_2026-08-12.csv,UPLOAD_THIS_latest-articles_five-day-schedule_2026-08-12.csv,Pinterest upload confirmed by Ksenia,2026-08-12,Yes,2026-08-12,Accepted,,2026-08-12,2026-08-12
purple-and-green-color-mixing-for-mystical-journal-pages,https://sentimentalica.com/blog/purple-and-green-color-mixing-for-mystical-journal-pages.html,https://sentimentalica.com/blog/img/purple-and-green-color-mixing-for-mystical-journal-pages/cauldron-page.jpg,UPLOAD_THIS_latest-articles_five-day-schedule_2026-08-12.csv,UPLOAD_RETRY_ONLY_38-duplicate-titles-fixed_2026-08-12.csv | UPLOAD_THIS_latest-articles_five-day-schedule_2026-08-12.csv,CSV provided to Ksenia; Pinterest upload not confirmed,2026-08-12,No,,Rejected,Multiples rows with the same title,2026-08-12,2026-08-12
purple-and-green-color-mixing-for-mystical-journal-pages,https://sentimentalica.com/blog/purple-and-green-color-mixing-for-mystical-journal-pages.html,https://sentimentalica.com/blog/img/purple-and-green-color-mixing-for-mystical-journal-pages/gen1.png,UPLOAD_THIS_latest-articles_five-day-schedule_2026-08-12.csv,UPLOAD_THIS_latest-articles_five-day-schedule_2026-08-12.csv,Pinterest upload confirmed by Ksenia,2026-08-12,Yes,2026-08-12,Accepted,,2026-08-13,2026-08-12
purple-and-green-color-mixing-for-mystical-journal-pages,https://sentimentalica.com/blog/purple-and-green-color-mixing-for-mystical-journal-pages.html,https://sentimentalica.com/blog/img/purple-and-green-color-mixing-for-mystical-journal-pages/gen2.png,UPLOAD_THIS_latest-articles_five-day-schedule_2026-08-12.csv,UPLOAD_THIS_latest-articles_five-day-schedule_2026-08-12.csv,Pinterest upload confirmed by Ksenia,2026-08-12,Yes,2026-08-12,Accepted,,2026-08-13,2026-08-12
purple-and-green-color-mixing-for-mystical-journal-pages,https://sentimentalica.com/blog/purple-and-green-color-mixing-for-mystical-journal-pages.html,https://sentimentalica.com/blog/img/purple-and-green-color-mixing-for-mystical-journal-pages/gen3.png,UPLOAD_THIS_latest-articles_five-day-schedule_2026-08-12.csv,UPLOAD_THIS_latest-articles_five-day-schedule_2026-08-12.csv,Pinterest upload confirmed by Ksenia,2026-08-12,Yes,2026-08-12,Accepted,,2026-08-13,2026-08-12
purple-and-green-color-mixing-for-mystical-journal-pages,https://sentimentalica.com/blog/purple-and-green-color-mixing-for-mystical-journal-pages.html,https://sentimentalica.com/blog/img/purple-and-green-color-mixing-for-mystical-journal-pages/moon-tower-page.jpg,UPLOAD_THIS_latest-articles_five-day-schedule_2026-08-12.csv,UPLOAD_RETRY_ONLY_38-duplicate-titles-fixed_2026-08-12.csv | UPLOAD_THIS_latest-articles_five-day-schedule_2026-08-12.csv,CSV provided to Ksenia; Pinterest upload not confirmed,2026-08-12,No,,Rejected,Multiples rows with the same title,2026-08-14,2026-08-12
purple-and-green-color-mixing-for-mystical-journal-pages,https://sentimentalica.com/blog/purple-and-green-color-mixing-for-mystical-journal-pages.html,https://sentimentalica.com/blog/img/purple-and-green-color-mixing-for-mystical-journal-pages/palette-cauldron.jpg,UPLOAD_THIS_latest-articles_five-day-schedule_2026-08-12.csv,UPLOAD_THIS_latest-articles_five-day-schedule_2026-08-12.csv,Pinterest upload confirmed by Ksenia,2026-08-12,Yes,2026-08-12,Accepted,,2026-08-13,2026-08-12
purple-and-green-color-mixing-for-mystical-journal-pages,https://sentimentalica.com/blog/purple-and-green-color-mixing-for-mystical-journal-pages.html,https://sentimentalica.com/blog/img/purple-and-green-color-mixing-for-mystical-journal-pages/palette-potion-worktable.jpg,UPLOAD_THIS_latest-articles_five-day-schedule_2026-08-12.csv,UPLOAD_THIS_latest-articles_five-day-schedule_2026-08-12.csv,Pinterest upload confirmed by Ksenia,2026-08-12,Yes,2026-08-12,Accepted,,2026-08-16,2026-08-12
purple-and-green-color-mixing-for-mystical-journal-pages,https://sentimentalica.com/blog/purple-and-green-color-mixing-for-mystical-journal-pages.html,https://sentimentalica.com/blog/img/purple-and-green-color-mixing-for-mystical-journal-pages/potion-worktable-page.jpg,UPLOAD_THIS_latest-articles_five-day-schedule_2026-08-12.csv,UPLOAD_THIS_latest-articles_five-day-schedule_2026-08-12.csv,Pinterest upload confirmed by Ksenia,2026-08-12,Yes,2026-08-12,Accepted,,2026-08-15,2026-08-12
rainy-blue-linen-plum-and-brass-journal-palette,https://sentimentalica.com/blog/rainy-blue-linen-plum-and-brass-journal-palette.html,https://sentimentalica.com/blog/img/rainy-blue-linen-plum-and-brass-journal-palette/atmospheric.png,UPLOAD_THIS_latest-10-articles_2026-08-24_to_2026-08-27.csv,UPLOAD_THIS_latest-10-articles_2026-08-24_to_2026-08-27.csv,CSV provided to Ksenia; Pinterest upload not confirmed,2026-08-18,No,,,,2026-08-27,2026-08-18
rainy-blue-linen-plum-and-brass-journal-palette,https://sentimentalica.com/blog/rainy-blue-linen-plum-and-brass-journal-palette.html,https://sentimentalica.com/blog/img/rainy-blue-linen-plum-and-brass-journal-palette/palette.png,UPLOAD_THIS_latest-10-articles_2026-08-24_to_2026-08-27.csv,UPLOAD_THIS_latest-10-articles_2026-08-24_to_2026-08-27.csv,CSV provided to Ksenia; Pinterest upload not confirmed,2026-08-18,No,,,,2026-08-27,2026-08-18
red-and-teal-travel-journal-pages-for-a-collected-mood,https://sentimentalica.com/blog/red-and-teal-travel-journal-pages-for-a-collected-mood.html,https://sentimentalica.com/blog/img/red-and-teal-travel-journal-pages-for-a-collected-mood/gen1.jpg,116_Silk_Road.csv,116_Silk_Road.csv | UPLOAD_THIS_all-other-articles_two-week-schedule.csv,Historical CSV record; handoff status unknown,,No,,,,2026-08-16,2026-08-12
red-and-teal-travel-journal-pages-for-a-collected-mood,https://sentimentalica.com/blog/red-and-teal-travel-journal-pages-for-a-collected-mood.html,https://sentimentalica.com/blog/img/red-and-teal-travel-journal-pages-for-a-collected-mood/gen2.jpg,UPLOAD_THIS_all-other-articles_two-week-schedule.csv,UPLOAD_THIS_all-other-articles_two-week-schedule.csv,Historical CSV record; handoff status unknown,,No,,,,2026-08-16,2026-08-12
red-and-teal-travel-journal-pages-for-a-collected-mood,https://sentimentalica.com/blog/red-and-teal-travel-journal-pages-for-a-collected-mood.html,https://sentimentalica.com/blog/img/red-and-teal-travel-journal-pages-for-a-collected-mood/gen3.jpg,UPLOAD_THIS_all-other-articles_two-week-schedule.csv,UPLOAD_THIS_all-other-articles_two-week-schedule.csv,Historical CSV record; handoff status unknown,,No,,,,2026-08-16,2026-08-12
red-and-teal-travel-journal-pages-for-a-collected-mood,https://sentimentalica.com/blog/red-and-teal-travel-journal-pages-for-a-collected-mood.html,https://sentimentalica.com/blog/img/red-and-teal-travel-journal-pages-for-a-collected-mood/gen4-pinterest.jpg,UPLOAD_NOW_RETRY_14-scheduling-limit_2026-08-11.csv,UPLOAD_NOW_RETRY_14-scheduling-limit_2026-08-11.csv | UPLOAD_RETRY_14-corrected-image-files_2026-08-10.csv,Historical CSV record; handoff status unknown,,No,,,,2026-08-16,2026-08-12
red-and-teal-travel-journal-pages-for-a-collected-mood,https://sentimentalica.com/blog/red-and-teal-travel-journal-pages-for-a-collected-mood.html,https://sentimentalica.com/blog/img/red-and-teal-travel-journal-pages-for-a-collected-mood/gen4.jpg,UPLOAD_THIS_all-other-articles_two-week-schedule.csv,UPLOAD_THIS_all-other-articles_two-week-schedule.csv,Historical CSV record; handoff status unknown,,No,,,,2026-08-16,2026-08-12
red-and-teal-travel-journal-pages-for-a-collected-mood,https://sentimentalica.com/blog/red-and-teal-travel-journal-pages-for-a-collected-mood.html,https://sentimentalica.com/blog/img/red-and-teal-travel-journal-pages-for-a-collected-mood/gen5.jpg,UPLOAD_THIS_all-other-articles_two-week-schedule.csv,UPLOAD_THIS_all-other-articles_two-week-schedule.csv,Historical CSV record; handoff status unknown,,No,,,,2026-08-16,2026-08-12
red-and-teal-travel-journal-pages-for-a-collected-mood,https://sentimentalica.com/blog/red-and-teal-travel-journal-pages-for-a-collected-mood.html,https://sentimentalica.com/blog/img/red-and-teal-travel-journal-pages-for-a-collected-mood/page1.jpg,UPLOAD_THIS_all-other-articles_two-week-schedule.csv,UPLOAD_THIS_all-other-articles_two-week-schedule.csv,Historical CSV record; handoff status unknown,,No,,,,2026-08-16,2026-08-12
red-and-teal-travel-journal-pages-for-a-collected-mood,https://sentimentalica.com/blog/red-and-teal-travel-journal-pages-for-a-collected-mood.html,https://sentimentalica.com/blog/img/red-and-teal-travel-journal-pages-for-a-collected-mood/page4.jpg,UPLOAD_THIS_all-other-articles_two-week-schedule.csv,UPLOAD_THIS_all-other-articles_two-week-schedule.csv,Historical CSV record; handoff status unknown,,No,,,,2026-08-16,2026-08-12
red-and-teal-travel-journal-pages-for-a-collected-mood,https://sentimentalica.com/blog/red-and-teal-travel-journal-pages-for-a-collected-mood.html,https://sentimentalica.com/blog/img/red-and-teal-travel-journal-pages-for-a-collected-mood/page5.jpg,UPLOAD_THIS_all-other-articles_two-week-schedule.csv,UPLOAD_THIS_all-other-articles_two-week-schedule.csv,Historical CSV record; handoff status unknown,,No,,,,2026-08-16,2026-08-12
romantic-junk-journal-ideas-for-a-quiet-evening,https://sentimentalica.com/blog/romantic-junk-journal-ideas-for-a-quiet-evening.html,https://sentimentalica.com/blog/img/romantic-junk-journal-ideas-for-a-quiet-evening/img2.jpg,026_Silver_Vow.csv,026_Silver_Vow.csv | UPLOAD_THIS_wedding-retry-and-romantic-evening.csv | romantic-junk-journal-ideas-for-a-quiet-evening.csv,Historical CSV record; handoff status unknown,,No,,,,2026-07-13,2026-08-12
romantic-junk-journal-ideas-for-a-quiet-evening,https://sentimentalica.com/blog/romantic-junk-journal-ideas-for-a-quiet-evening.html,https://sentimentalica.com/blog/img/romantic-junk-journal-ideas-for-a-quiet-evening/img3.jpg,026_Silver_Vow.csv,026_Silver_Vow.csv | UPLOAD_THIS_wedding-retry-and-romantic-evening.csv | romantic-junk-journal-ideas-for-a-quiet-evening.csv,Historical CSV record; handoff status unknown,,No,,,,2026-07-14,2026-08-12
romantic-junk-journal-ideas-for-a-quiet-evening,https://sentimentalica.com/blog/romantic-junk-journal-ideas-for-a-quiet-evening.html,https://sentimentalica.com/blog/img/romantic-junk-journal-ideas-for-a-quiet-evening/iphone-notes-romantic-journal-emoji.png,UPLOAD_THIS_wedding-retry-and-romantic-evening.csv,UPLOAD_THIS_wedding-retry-and-romantic-evening.csv | romantic-junk-journal-ideas-for-a-quiet-evening.csv,Historical CSV record; handoff status unknown,,No,,,,,2026-08-12
romantic-junk-journal-ideas-for-a-quiet-evening,https://sentimentalica.com/blog/romantic-junk-journal-ideas-for-a-quiet-evening.html,https://sentimentalica.com/blog/img/romantic-junk-journal-ideas-for-a-quiet-evening/iphone-notes-romantic-journal.png,026_Silver_Vow.csv,026_Silver_Vow.csv,Historical CSV record; handoff status unknown,,No,,,,2026-07-12,2026-08-12
romantic-junk-journal-ideas-for-a-quiet-evening,https://sentimentalica.com/blog/romantic-junk-journal-ideas-for-a-quiet-evening.html,https://sentimentalica.com/blog/img/romantic-junk-journal-ideas-for-a-quiet-evening/page1.jpg,UPLOAD_THIS_wedding-retry-and-romantic-evening.csv,UPLOAD_THIS_wedding-retry-and-romantic-evening.csv | romantic-junk-journal-ideas-for-a-quiet-evening.csv,Historical CSV record; handoff status unknown,,No,,,,,2026-08-12
romantic-junk-journal-ideas-for-a-quiet-evening,https://sentimentalica.com/blog/romantic-junk-journal-ideas-for-a-quiet-evening.html,https://sentimentalica.com/blog/img/romantic-junk-journal-ideas-for-a-quiet-evening/page2.jpg,UPLOAD_THIS_wedding-retry-and-romantic-evening.csv,UPLOAD_THIS_wedding-retry-and-romantic-evening.csv | romantic-junk-journal-ideas-for-a-quiet-evening.csv,Historical CSV record; handoff status unknown,,No,,,,,2026-08-12
romantic-junk-journal-ideas-for-a-quiet-evening,https://sentimentalica.com/blog/romantic-junk-journal-ideas-for-a-quiet-evening.html,https://sentimentalica.com/blog/img/romantic-junk-journal-ideas-for-a-quiet-evening/page3.jpg,UPLOAD_THIS_wedding-retry-and-romantic-evening.csv,UPLOAD_THIS_wedding-retry-and-romantic-evening.csv | romantic-junk-journal-ideas-for-a-quiet-evening.csv,Historical CSV record; handoff status unknown,,No,,,,,2026-08-12
romantic-junk-journal-ideas-for-a-quiet-evening,https://sentimentalica.com/blog/romantic-junk-journal-ideas-for-a-quiet-evening.html,https://sentimentalica.com/blog/img/romantic-junk-journal-ideas-for-a-quiet-evening/page4.jpg,UPLOAD_THIS_wedding-retry-and-romantic-evening.csv,UPLOAD_THIS_wedding-retry-and-romantic-evening.csv | romantic-junk-journal-ideas-for-a-quiet-evening.csv,Historical CSV record; handoff status unknown,,No,,,,,2026-08-12
scrap-paper-project-ideas-for-pretty-leftovers,https://sentimentalica.com/blog/scrap-paper-project-ideas-for-pretty-leftovers.html,https://sentimentalica.com/blog/img/scrap-paper-project-ideas-for-pretty-leftovers/gen1.png,UPLOAD_THIS_latest-articles_five-day-schedule_2026-08-12.csv,UPLOAD_THIS_latest-articles_five-day-schedule_2026-08-12.csv,Pinterest upload confirmed by Ksenia,2026-08-12,Yes,2026-08-12,Accepted,,2026-08-16,2026-08-12
scrap-paper-project-ideas-for-pretty-leftovers,https://sentimentalica.com/blog/scrap-paper-project-ideas-for-pretty-leftovers.html,https://sentimentalica.com/blog/img/scrap-paper-project-ideas-for-pretty-leftovers/gen2.png,UPLOAD_THIS_latest-articles_five-day-schedule_2026-08-12.csv,UPLOAD_RETRY_ONLY_38-duplicate-titles-fixed_2026-08-12.csv | UPLOAD_THIS_latest-articles_five-day-schedule_2026-08-12.csv,CSV provided to Ksenia; Pinterest upload not confirmed,2026-08-12,No,,Rejected,Multiples rows with the same title,2026-08-16,2026-08-12
scrap-paper-project-ideas-for-pretty-leftovers,https://sentimentalica.com/blog/scrap-paper-project-ideas-for-pretty-leftovers.html,https://sentimentalica.com/blog/img/scrap-paper-project-ideas-for-pretty-leftovers/gen3.png,UPLOAD_THIS_latest-articles_five-day-schedule_2026-08-12.csv,UPLOAD_THIS_latest-articles_five-day-schedule_2026-08-12.csv,Pinterest upload confirmed by Ksenia,2026-08-12,Yes,2026-08-12,Accepted,,2026-08-16,2026-08-12
scrap-paper-project-ideas-for-pretty-leftovers,https://sentimentalica.com/blog/scrap-paper-project-ideas-for-pretty-leftovers.html,https://sentimentalica.com/blog/img/scrap-paper-project-ideas-for-pretty-leftovers/page1.jpg,UPLOAD_THIS_latest-articles_five-day-schedule_2026-08-12.csv,UPLOAD_THIS_latest-articles_five-day-schedule_2026-08-12.csv,Pinterest upload confirmed by Ksenia,2026-08-12,Yes,2026-08-12,Accepted,,2026-08-15,2026-08-12
scrap-paper-project-ideas-for-pretty-leftovers,https://sentimentalica.com/blog/scrap-paper-project-ideas-for-pretty-leftovers.html,https://sentimentalica.com/blog/img/scrap-paper-project-ideas-for-pretty-leftovers/page2.jpg,UPLOAD_THIS_latest-articles_five-day-schedule_2026-08-12.csv,UPLOAD_RETRY_ONLY_38-duplicate-titles-fixed_2026-08-12.csv | UPLOAD_THIS_latest-articles_five-day-schedule_2026-08-12.csv,CSV provided to Ksenia; Pinterest upload not confirmed,2026-08-12,No,,Rejected,Multiples rows with the same title,2026-08-12,2026-08-12
scrap-paper-project-ideas-for-pretty-leftovers,https://sentimentalica.com/blog/scrap-paper-project-ideas-for-pretty-leftovers.html,https://sentimentalica.com/blog/img/scrap-paper-project-ideas-for-pretty-leftovers/page3.jpg,UPLOAD_THIS_latest-articles_five-day-schedule_2026-08-12.csv,UPLOAD_THIS_latest-articles_five-day-schedule_2026-08-12.csv,Pinterest upload confirmed by Ksenia,2026-08-12,Yes,2026-08-12,Accepted,,2026-08-14,2026-08-12
scrap-paper-project-ideas-for-pretty-leftovers,https://sentimentalica.com/blog/scrap-paper-project-ideas-for-pretty-leftovers.html,https://sentimentalica.com/blog/img/scrap-paper-project-ideas-for-pretty-leftovers/palette1.jpg,UPLOAD_THIS_latest-articles_five-day-schedule_2026-08-12.csv,UPLOAD_THIS_latest-articles_five-day-schedule_2026-08-12.csv,Pinterest upload confirmed by Ksenia,2026-08-12,Yes,2026-08-12,Accepted,,2026-08-16,2026-08-12
scrap-paper-project-ideas-for-pretty-leftovers,https://sentimentalica.com/blog/scrap-paper-project-ideas-for-pretty-leftovers.html,https://sentimentalica.com/blog/img/scrap-paper-project-ideas-for-pretty-leftovers/palette2.jpg,UPLOAD_THIS_latest-articles_five-day-schedule_2026-08-12.csv,UPLOAD_THIS_latest-articles_five-day-schedule_2026-08-12.csv,Pinterest upload confirmed by Ksenia,2026-08-12,Yes,2026-08-12,Accepted,,2026-08-13,2026-08-12
soft-morning-journal-ideas-from-your-notes-app,https://sentimentalica.com/blog/soft-morning-journal-ideas-from-your-notes-app.html,https://sentimentalica.com/blog/img/soft-morning-journal-ideas-from-your-notes-app/gen1.jpg,198_Garden_Joy.csv,198_Garden_Joy.csv,Historical CSV record; handoff status unknown,,No,,,,2026-07-29,2026-08-12
soft-morning-journal-ideas-from-your-notes-app,https://sentimentalica.com/blog/soft-morning-journal-ideas-from-your-notes-app.html,https://sentimentalica.com/blog/img/soft-morning-journal-ideas-from-your-notes-app/gen2.jpg,117_Morning_Brew.csv,117_Morning_Brew.csv | 149_Sunflower_Days.csv,Historical CSV record; handoff status unknown,,No,,,,2026-07-28 | 2026-07-30,2026-08-12
spring-journal-pocket-from-one-garden-walk,https://sentimentalica.com/blog/spring-journal-pocket-from-one-garden-walk.html,https://sentimentalica.com/blog/img/spring-journal-pocket-from-one-garden-walk/gen1.png,UPLOAD_THIS_latest-11-articles_2026-08-18_to_2026-08-21.csv,UPLOAD_THIS_latest-11-articles_2026-08-18_to_2026-08-21.csv,CSV provided to Ksenia; Pinterest upload not confirmed,2026-08-14,No,,,,2026-08-20,2026-08-14
spring-journal-pocket-from-one-garden-walk,https://sentimentalica.com/blog/spring-journal-pocket-from-one-garden-walk.html,https://sentimentalica.com/blog/img/spring-journal-pocket-from-one-garden-walk/gen2.png,UPLOAD_THIS_latest-11-articles_2026-08-18_to_2026-08-21.csv,UPLOAD_THIS_latest-11-articles_2026-08-18_to_2026-08-21.csv,CSV provided to Ksenia; Pinterest upload not confirmed,2026-08-14,No,,,,2026-08-20,2026-08-14
spring-junk-journal-ideas-from-rain-and-first-green,https://sentimentalica.com/blog/spring-junk-journal-ideas-from-rain-and-first-green.html,https://sentimentalica.com/blog/img/spring-junk-journal-ideas-from-rain-and-first-green/gen1.png,UPLOAD_THIS_latest-11-articles_2026-08-18_to_2026-08-21.csv,UPLOAD_THIS_latest-11-articles_2026-08-18_to_2026-08-21.csv,CSV provided to Ksenia; Pinterest upload not confirmed,2026-08-14,No,,,,2026-08-18,2026-08-14
spring-junk-journal-ideas-from-rain-and-first-green,https://sentimentalica.com/blog/spring-junk-journal-ideas-from-rain-and-first-green.html,https://sentimentalica.com/blog/img/spring-junk-journal-ideas-from-rain-and-first-green/gen2.png,UPLOAD_THIS_latest-11-articles_2026-08-18_to_2026-08-21.csv,UPLOAD_THIS_latest-11-articles_2026-08-18_to_2026-08-21.csv,CSV provided to Ksenia; Pinterest upload not confirmed,2026-08-14,No,,,,2026-08-18,2026-08-14
tea-stain-paper-without-warping-or-brittle-edges,https://sentimentalica.com/blog/tea-stain-paper-without-warping-or-brittle-edges.html,https://sentimentalica.com/blog/img/tea-stain-paper-without-warping-or-brittle-edges/atmospheric.png,UPLOAD_THIS_latest-10-articles_2026-08-24_to_2026-08-27.csv,UPLOAD_THIS_latest-10-articles_2026-08-24_to_2026-08-27.csv,CSV provided to Ksenia; Pinterest upload not confirmed,2026-08-18,No,,,,2026-08-26,2026-08-18
tea-stain-paper-without-warping-or-brittle-edges,https://sentimentalica.com/blog/tea-stain-paper-without-warping-or-brittle-edges.html,https://sentimentalica.com/blog/img/tea-stain-paper-without-warping-or-brittle-edges/infographic-v2.png,UPLOAD_THIS_latest-10-articles_2026-08-24_to_2026-08-27.csv,UPLOAD_THIS_latest-10-articles_2026-08-24_to_2026-08-27.csv,CSV provided to Ksenia; Pinterest upload not confirmed,2026-08-18,No,,,,2026-08-26,2026-08-18
tea-stain-paper-without-warping-or-brittle-edges,https://sentimentalica.com/blog/tea-stain-paper-without-warping-or-brittle-edges.html,https://sentimentalica.com/blog/img/tea-stain-paper-without-warping-or-brittle-edges/process.png,UPLOAD_THIS_latest-10-articles_2026-08-24_to_2026-08-27.csv,UPLOAD_THIS_latest-10-articles_2026-08-24_to_2026-08-27.csv,CSV provided to Ksenia; Pinterest upload not confirmed,2026-08-18,No,,,,2026-08-26,2026-08-18
ten-minute-paper-sorting-ritual,https://sentimentalica.com/blog/ten-minute-paper-sorting-ritual.html,https://sentimentalica.com/blog/img/ten-minute-paper-sorting-ritual/paper-sorting-notes.png,UPLOAD_THIS_all-other-articles_two-week-schedule.csv,UPLOAD_THIS_all-other-articles_two-week-schedule.csv,Historical CSV record; handoff status unknown,,No,,,,2026-08-24,2026-08-12
three-handmade-cards-from-paper-scraps,https://sentimentalica.com/blog/three-handmade-cards-from-paper-scraps.html,https://sentimentalica.com/blog/img/three-handmade-cards-from-paper-scraps/gen1.jpg,UPLOAD_THIS_all-other-articles_two-week-schedule.csv,UPLOAD_THIS_all-other-articles_two-week-schedule.csv | _lead_magnets.csv,Historical CSV record; handoff status unknown,,No,,,,2026-08-03 | 2026-08-18,2026-08-12
three-handmade-cards-from-paper-scraps,https://sentimentalica.com/blog/three-handmade-cards-from-paper-scraps.html,https://sentimentalica.com/blog/img/three-handmade-cards-from-paper-scraps/gen2.jpg,UPLOAD_THIS_all-other-articles_two-week-schedule.csv,UPLOAD_THIS_all-other-articles_two-week-schedule.csv | _lead_magnets.csv,Historical CSV record; handoff status unknown,,No,,,,2026-08-06 | 2026-08-18,2026-08-12
three-handmade-cards-from-paper-scraps,https://sentimentalica.com/blog/three-handmade-cards-from-paper-scraps.html,https://sentimentalica.com/blog/img/three-handmade-cards-from-paper-scraps/gen3.jpg,UPLOAD_THIS_all-other-articles_two-week-schedule.csv,UPLOAD_THIS_all-other-articles_two-week-schedule.csv | _lead_magnets.csv,Historical CSV record; handoff status unknown,,No,,,,2026-08-10 | 2026-08-18,2026-08-12
three-handmade-cards-from-paper-scraps,https://sentimentalica.com/blog/three-handmade-cards-from-paper-scraps.html,https://sentimentalica.com/blog/img/three-handmade-cards-from-paper-scraps/gen4.jpg,UPLOAD_THIS_all-other-articles_two-week-schedule.csv,UPLOAD_THIS_all-other-articles_two-week-schedule.csv | _lead_magnets.csv,Historical CSV record; handoff status unknown,,No,,,,2026-08-13 | 2026-08-18,2026-08-12
three-handmade-cards-from-paper-scraps,https://sentimentalica.com/blog/three-handmade-cards-from-paper-scraps.html,https://sentimentalica.com/blog/img/three-handmade-cards-from-paper-scraps/gen5.jpg,UPLOAD_THIS_all-other-articles_two-week-schedule.csv,UPLOAD_THIS_all-other-articles_two-week-schedule.csv | _lead_magnets.csv,Historical CSV record; handoff status unknown,,No,,,,2026-08-17 | 2026-08-18,2026-08-12
three-small-diy-paper-projects-from-one-printable-page,https://sentimentalica.com/blog/three-small-diy-paper-projects-from-one-printable-page.html,https://sentimentalica.com/blog/img/three-small-diy-paper-projects-from-one-printable-page/gen1.png,UPLOAD_THIS_latest-articles_five-day-schedule_2026-08-12.csv,UPLOAD_THIS_latest-articles_five-day-schedule_2026-08-12.csv,Pinterest upload confirmed by Ksenia,2026-08-12,Yes,2026-08-12,Accepted,,2026-08-12,2026-08-12
three-small-diy-paper-projects-from-one-printable-page,https://sentimentalica.com/blog/three-small-diy-paper-projects-from-one-printable-page.html,https://sentimentalica.com/blog/img/three-small-diy-paper-projects-from-one-printable-page/gen2.png,UPLOAD_THIS_latest-articles_five-day-schedule_2026-08-12.csv,UPLOAD_RETRY_ONLY_38-duplicate-titles-fixed_2026-08-12.csv | UPLOAD_THIS_latest-articles_five-day-schedule_2026-08-12.csv,CSV provided to Ksenia; Pinterest upload not confirmed,2026-08-12,No,,Rejected,Multiples rows with the same title,2026-08-14,2026-08-12
three-small-diy-paper-projects-from-one-printable-page,https://sentimentalica.com/blog/three-small-diy-paper-projects-from-one-printable-page.html,https://sentimentalica.com/blog/img/three-small-diy-paper-projects-from-one-printable-page/gen3.png,UPLOAD_THIS_latest-articles_five-day-schedule_2026-08-12.csv,UPLOAD_THIS_latest-articles_five-day-schedule_2026-08-12.csv,Pinterest upload confirmed by Ksenia,2026-08-12,Yes,2026-08-12,Accepted,,2026-08-12,2026-08-12
three-small-diy-paper-projects-from-one-printable-page,https://sentimentalica.com/blog/three-small-diy-paper-projects-from-one-printable-page.html,https://sentimentalica.com/blog/img/three-small-diy-paper-projects-from-one-printable-page/gen4.png,UPLOAD_THIS_latest-articles_five-day-schedule_2026-08-12.csv,UPLOAD_RETRY_ONLY_38-duplicate-titles-fixed_2026-08-12.csv | UPLOAD_THIS_latest-articles_five-day-schedule_2026-08-12.csv,CSV provided to Ksenia; Pinterest upload not confirmed,2026-08-12,No,,Rejected,Multiples rows with the same title,2026-08-12,2026-08-12
three-small-diy-paper-projects-from-one-printable-page,https://sentimentalica.com/blog/three-small-diy-paper-projects-from-one-printable-page.html,https://sentimentalica.com/blog/img/three-small-diy-paper-projects-from-one-printable-page/gen5.png,UPLOAD_THIS_latest-articles_five-day-schedule_2026-08-12.csv,UPLOAD_RETRY_ONLY_38-duplicate-titles-fixed_2026-08-12.csv | UPLOAD_THIS_latest-articles_five-day-schedule_2026-08-12.csv,CSV provided to Ksenia; Pinterest upload not confirmed,2026-08-12,No,,Rejected,Multiples rows with the same title,2026-08-12,2026-08-12
three-small-diy-paper-projects-from-one-printable-page,https://sentimentalica.com/blog/three-small-diy-paper-projects-from-one-printable-page.html,https://sentimentalica.com/blog/img/three-small-diy-paper-projects-from-one-printable-page/page1.jpg,UPLOAD_THIS_latest-articles_five-day-schedule_2026-08-12.csv,UPLOAD_THIS_latest-articles_five-day-schedule_2026-08-12.csv,Pinterest upload confirmed by Ksenia,2026-08-12,Yes,2026-08-12,Accepted,,2026-08-16,2026-08-12
three-small-diy-paper-projects-from-one-printable-page,https://sentimentalica.com/blog/three-small-diy-paper-projects-from-one-printable-page.html,https://sentimentalica.com/blog/img/three-small-diy-paper-projects-from-one-printable-page/page2.jpg,UPLOAD_THIS_latest-articles_five-day-schedule_2026-08-12.csv,UPLOAD_RETRY_ONLY_38-duplicate-titles-fixed_2026-08-12.csv | UPLOAD_THIS_latest-articles_five-day-schedule_2026-08-12.csv,CSV provided to Ksenia; Pinterest upload not confirmed,2026-08-12,No,,Rejected,Multiples rows with the same title,2026-08-13,2026-08-12
three-small-diy-paper-projects-from-one-printable-page,https://sentimentalica.com/blog/three-small-diy-paper-projects-from-one-printable-page.html,https://sentimentalica.com/blog/img/three-small-diy-paper-projects-from-one-printable-page/page3.jpg,UPLOAD_THIS_latest-articles_five-day-schedule_2026-08-12.csv,UPLOAD_RETRY_ONLY_38-duplicate-titles-fixed_2026-08-12.csv | UPLOAD_THIS_latest-articles_five-day-schedule_2026-08-12.csv,CSV provided to Ksenia; Pinterest upload not confirmed,2026-08-12,No,,Rejected,Multiples rows with the same title,2026-08-15,2026-08-12
tiny-paper-things-to-collect-before-they-disappear,https://sentimentalica.com/blog/tiny-paper-things-to-collect-before-they-disappear.html,https://sentimentalica.com/blog/img/tiny-paper-things-to-collect-before-they-disappear/gen1.jpg,UPLOAD_THIS_all-other-articles_two-week-schedule.csv,UPLOAD_THIS_all-other-articles_two-week-schedule.csv | _lead_magnets.csv,Historical CSV record; handoff status unknown,,No,,,,2026-07-18 | 2026-08-22,2026-08-12
tiny-paper-things-to-collect-before-they-disappear,https://sentimentalica.com/blog/tiny-paper-things-to-collect-before-they-disappear.html,https://sentimentalica.com/blog/img/tiny-paper-things-to-collect-before-they-disappear/gen2.jpg,UPLOAD_THIS_all-other-articles_two-week-schedule.csv,UPLOAD_THIS_all-other-articles_two-week-schedule.csv | _lead_magnets.csv,Historical CSV record; handoff status unknown,,No,,,,2026-07-19 | 2026-08-22,2026-08-12
use-a-visual-triangle-to-fix-a-flat-scrapbook-layout,https://sentimentalica.com/blog/use-a-visual-triangle-to-fix-a-flat-scrapbook-layout.html,https://sentimentalica.com/blog/img/use-a-visual-triangle-to-fix-a-flat-scrapbook-layout/atmospheric.png,UPLOAD_THIS_latest-10-articles_2026-08-24_to_2026-08-27.csv,UPLOAD_THIS_latest-10-articles_2026-08-24_to_2026-08-27.csv,CSV provided to Ksenia; Pinterest upload not confirmed,2026-08-18,No,,,,2026-08-24,2026-08-18
use-a-visual-triangle-to-fix-a-flat-scrapbook-layout,https://sentimentalica.com/blog/use-a-visual-triangle-to-fix-a-flat-scrapbook-layout.html,https://sentimentalica.com/blog/img/use-a-visual-triangle-to-fix-a-flat-scrapbook-layout/infographic-v2.png,UPLOAD_THIS_latest-10-articles_2026-08-24_to_2026-08-27.csv,UPLOAD_THIS_latest-10-articles_2026-08-24_to_2026-08-27.csv,CSV provided to Ksenia; Pinterest upload not confirmed,2026-08-18,No,,,,2026-08-25,2026-08-18
use-a-visual-triangle-to-fix-a-flat-scrapbook-layout,https://sentimentalica.com/blog/use-a-visual-triangle-to-fix-a-flat-scrapbook-layout.html,https://sentimentalica.com/blog/img/use-a-visual-triangle-to-fix-a-flat-scrapbook-layout/process.png,UPLOAD_THIS_latest-10-articles_2026-08-24_to_2026-08-27.csv,UPLOAD_THIS_latest-10-articles_2026-08-24_to_2026-08-27.csv,CSV provided to Ksenia; Pinterest upload not confirmed,2026-08-18,No,,,,2026-08-25,2026-08-18
velvet-vow-romantic-junk-journal-color-palette,https://sentimentalica.com/blog/velvet-vow-romantic-junk-journal-color-palette.html,https://sentimentalica.com/blog/img/velvet-vow-romantic-junk-journal-color-palette/atmospheric.png,UPLOAD_THIS_five-palette-articles_2026-08-22_to_2026-08-24.csv,UPLOAD_THIS_five-palette-articles_2026-08-22_to_2026-08-24.csv,CSV provided to Ksenia; Pinterest upload not confirmed,2026-08-14,No,,,,2026-08-22,2026-08-14
velvet-vow-romantic-junk-journal-color-palette,https://sentimentalica.com/blog/velvet-vow-romantic-junk-journal-color-palette.html,https://sentimentalica.com/blog/img/velvet-vow-romantic-junk-journal-color-palette/page-1.jpg,UPLOAD_THIS_five-palette-articles_2026-08-22_to_2026-08-24.csv,UPLOAD_THIS_five-palette-articles_2026-08-22_to_2026-08-24.csv,CSV provided to Ksenia; Pinterest upload not confirmed,2026-08-14,No,,,,2026-08-24,2026-08-14
velvet-vow-romantic-junk-journal-color-palette,https://sentimentalica.com/blog/velvet-vow-romantic-junk-journal-color-palette.html,https://sentimentalica.com/blog/img/velvet-vow-romantic-junk-journal-color-palette/page-2.jpg,UPLOAD_THIS_five-palette-articles_2026-08-22_to_2026-08-24.csv,UPLOAD_THIS_five-palette-articles_2026-08-22_to_2026-08-24.csv,CSV provided to Ksenia; Pinterest upload not confirmed,2026-08-14,No,,,,2026-08-22,2026-08-14
velvet-vow-romantic-junk-journal-color-palette,https://sentimentalica.com/blog/velvet-vow-romantic-junk-journal-color-palette.html,https://sentimentalica.com/blog/img/velvet-vow-romantic-junk-journal-color-palette/page-3.jpg,UPLOAD_THIS_five-palette-articles_2026-08-22_to_2026-08-24.csv,UPLOAD_THIS_five-palette-articles_2026-08-22_to_2026-08-24.csv,CSV provided to Ksenia; Pinterest upload not confirmed,2026-08-14,No,,,,2026-08-23,2026-08-14
velvet-vow-romantic-junk-journal-color-palette,https://sentimentalica.com/blog/velvet-vow-romantic-junk-journal-color-palette.html,https://sentimentalica.com/blog/img/velvet-vow-romantic-junk-journal-color-palette/palette-1.jpg,UPLOAD_THIS_five-palette-articles_2026-08-22_to_2026-08-24.csv,UPLOAD_THIS_five-palette-articles_2026-08-22_to_2026-08-24.csv,CSV provided to Ksenia; Pinterest upload not confirmed,2026-08-14,No,,,,2026-08-23,2026-08-14
velvet-vow-romantic-junk-journal-color-palette,https://sentimentalica.com/blog/velvet-vow-romantic-junk-journal-color-palette.html,https://sentimentalica.com/blog/img/velvet-vow-romantic-junk-journal-color-palette/palette-2.jpg,UPLOAD_THIS_five-palette-articles_2026-08-22_to_2026-08-24.csv,UPLOAD_THIS_five-palette-articles_2026-08-22_to_2026-08-24.csv,CSV provided to Ksenia; Pinterest upload not confirmed,2026-08-14,No,,,,2026-08-24,2026-08-14
velvet-vow-romantic-junk-journal-color-palette,https://sentimentalica.com/blog/velvet-vow-romantic-junk-journal-color-palette.html,https://sentimentalica.com/blog/img/velvet-vow-romantic-junk-journal-color-palette/palette-3.jpg,UPLOAD_THIS_five-palette-articles_2026-08-22_to_2026-08-24.csv,UPLOAD_THIS_five-palette-articles_2026-08-22_to_2026-08-24.csv,CSV provided to Ksenia; Pinterest upload not confirmed,2026-08-14,No,,,,2026-08-23,2026-08-14
velvet-vow-romantic-junk-journal-color-palette,https://sentimentalica.com/blog/velvet-vow-romantic-junk-journal-color-palette.html,https://sentimentalica.com/blog/img/velvet-vow-romantic-junk-journal-color-palette/process.png,UPLOAD_THIS_five-palette-articles_2026-08-22_to_2026-08-24.csv,UPLOAD_THIS_five-palette-articles_2026-08-22_to_2026-08-24.csv,CSV provided to Ksenia; Pinterest upload not confirmed,2026-08-14,No,,,,2026-08-22,2026-08-14
vintage-wallpaper-ideas-that-keep-your-phone-icons-readable,https://sentimentalica.com/blog/vintage-wallpaper-ideas-that-keep-your-phone-icons-readable.html,https://sentimentalica.com/blog/img/vintage-wallpaper-ideas-that-keep-your-phone-icons-readable/gen1.png,UPLOAD_THIS_latest-articles_five-day-schedule_2026-08-12.csv,UPLOAD_THIS_latest-articles_five-day-schedule_2026-08-12.csv,Pinterest upload confirmed by Ksenia,2026-08-12,Yes,2026-08-12,Accepted,,2026-08-12,2026-08-12
vintage-wallpaper-ideas-that-keep-your-phone-icons-readable,https://sentimentalica.com/blog/vintage-wallpaper-ideas-that-keep-your-phone-icons-readable.html,https://sentimentalica.com/blog/img/vintage-wallpaper-ideas-that-keep-your-phone-icons-readable/gen2.png,UPLOAD_THIS_latest-articles_five-day-schedule_2026-08-12.csv,UPLOAD_THIS_latest-articles_five-day-schedule_2026-08-12.csv,Pinterest upload confirmed by Ksenia,2026-08-12,Yes,2026-08-12,Accepted,,2026-08-14,2026-08-12
vintage-wallpaper-ideas-that-keep-your-phone-icons-readable,https://sentimentalica.com/blog/vintage-wallpaper-ideas-that-keep-your-phone-icons-readable.html,https://sentimentalica.com/blog/img/vintage-wallpaper-ideas-that-keep-your-phone-icons-readable/gen3.png,UPLOAD_THIS_latest-articles_five-day-schedule_2026-08-12.csv,UPLOAD_THIS_latest-articles_five-day-schedule_2026-08-12.csv,Pinterest upload confirmed by Ksenia,2026-08-12,Yes,2026-08-12,Accepted,,2026-08-12,2026-08-12
vintage-wallpaper-ideas-that-keep-your-phone-icons-readable,https://sentimentalica.com/blog/vintage-wallpaper-ideas-that-keep-your-phone-icons-readable.html,https://sentimentalica.com/blog/img/vintage-wallpaper-ideas-that-keep-your-phone-icons-readable/page1.jpg,UPLOAD_THIS_latest-articles_five-day-schedule_2026-08-12.csv,UPLOAD_THIS_latest-articles_five-day-schedule_2026-08-12.csv,Pinterest upload confirmed by Ksenia,2026-08-12,Yes,2026-08-12,Accepted,,2026-08-16,2026-08-12
vintage-wallpaper-ideas-that-keep-your-phone-icons-readable,https://sentimentalica.com/blog/vintage-wallpaper-ideas-that-keep-your-phone-icons-readable.html,https://sentimentalica.com/blog/img/vintage-wallpaper-ideas-that-keep-your-phone-icons-readable/page2.jpg,UPLOAD_THIS_latest-articles_five-day-schedule_2026-08-12.csv,UPLOAD_RETRY_ONLY_38-duplicate-titles-fixed_2026-08-12.csv | UPLOAD_THIS_latest-articles_five-day-schedule_2026-08-12.csv,CSV provided to Ksenia; Pinterest upload not confirmed,2026-08-12,No,,Rejected,Multiples rows with the same title,2026-08-13,2026-08-12
vintage-wallpaper-ideas-that-keep-your-phone-icons-readable,https://sentimentalica.com/blog/vintage-wallpaper-ideas-that-keep-your-phone-icons-readable.html,https://sentimentalica.com/blog/img/vintage-wallpaper-ideas-that-keep-your-phone-icons-readable/page3.jpg,UPLOAD_THIS_latest-articles_five-day-schedule_2026-08-12.csv,UPLOAD_THIS_latest-articles_five-day-schedule_2026-08-12.csv,Pinterest upload confirmed by Ksenia,2026-08-12,Yes,2026-08-12,Accepted,,2026-08-15,2026-08-12
vintage-wallpaper-ideas-that-keep-your-phone-icons-readable,https://sentimentalica.com/blog/vintage-wallpaper-ideas-that-keep-your-phone-icons-readable.html,https://sentimentalica.com/blog/img/vintage-wallpaper-ideas-that-keep-your-phone-icons-readable/palette1.jpg,UPLOAD_THIS_latest-articles_five-day-schedule_2026-08-12.csv,UPLOAD_THIS_latest-articles_five-day-schedule_2026-08-12.csv,Pinterest upload confirmed by Ksenia,2026-08-12,Yes,2026-08-12,Accepted,,2026-08-12,2026-08-12
vintage-wallpaper-ideas-that-keep-your-phone-icons-readable,https://sentimentalica.com/blog/vintage-wallpaper-ideas-that-keep-your-phone-icons-readable.html,https://sentimentalica.com/blog/img/vintage-wallpaper-ideas-that-keep-your-phone-icons-readable/palette2.jpg,UPLOAD_THIS_latest-articles_five-day-schedule_2026-08-12.csv,UPLOAD_THIS_latest-articles_five-day-schedule_2026-08-12.csv,Pinterest upload confirmed by Ksenia,2026-08-12,Yes,2026-08-12,Accepted,,2026-08-12,2026-08-12
wedding-journal-prompts-for-the-week-before-your-wedding,https://sentimentalica.com/blog/wedding-journal-prompts-for-the-week-before-your-wedding.html,https://sentimentalica.com/blog/img/wedding-journal-prompts-for-the-week-before-your-wedding/gen1.jpg,UPLOAD_THIS_all-other-articles_two-week-schedule.csv,UPLOAD_THIS_all-other-articles_two-week-schedule.csv | lead_wedding_prompts.csv,Historical CSV record; handoff status unknown,,No,,,,2026-08-05 | 2026-08-15,2026-08-12
wedding-journal-prompts-for-the-week-before-your-wedding,https://sentimentalica.com/blog/wedding-journal-prompts-for-the-week-before-your-wedding.html,https://sentimentalica.com/blog/img/wedding-journal-prompts-for-the-week-before-your-wedding/gen2.png,UPLOAD_THIS_all-other-articles_two-week-schedule.csv,UPLOAD_THIS_all-other-articles_two-week-schedule.csv | lead_wedding_prompts.csv,Historical CSV record; handoff status unknown,,No,,,,2026-08-10 | 2026-08-15,2026-08-12
wedding-planning-keepsakes-for-your-junk-journal,https://sentimentalica.com/blog/wedding-planning-keepsakes-for-your-junk-journal.html,https://sentimentalica.com/blog/img/wedding-planning-keepsakes-for-your-junk-journal/gen1.jpg,UPLOAD_THIS_all-other-articles_two-week-schedule.csv,UPLOAD_THIS_all-other-articles_two-week-schedule.csv | _lead_magnets.csv,Historical CSV record; handoff status unknown,,No,,,,2026-07-16 | 2026-08-14,2026-08-12
wedding-planning-keepsakes-for-your-junk-journal,https://sentimentalica.com/blog/wedding-planning-keepsakes-for-your-junk-journal.html,https://sentimentalica.com/blog/img/wedding-planning-keepsakes-for-your-junk-journal/gen2.jpg,UPLOAD_THIS_all-other-articles_two-week-schedule.csv,UPLOAD_THIS_all-other-articles_two-week-schedule.csv | _lead_magnets.csv,Historical CSV record; handoff status unknown,,No,,,,2026-07-17 | 2026-08-14,2026-08-12
what-to-add-when-a-journal-page-feels-empty,https://sentimentalica.com/blog/what-to-add-when-a-journal-page-feels-empty.html,https://sentimentalica.com/blog/img/what-to-add-when-a-journal-page-feels-empty/gen1.jpg,149_Sunflower_Days.csv,149_Sunflower_Days.csv | UPLOAD_THIS_all-other-articles_two-week-schedule.csv,Historical CSV record; handoff status unknown,,No,,,,2026-08-22,2026-08-12
what-to-add-when-a-journal-page-feels-empty,https://sentimentalica.com/blog/what-to-add-when-a-journal-page-feels-empty.html,https://sentimentalica.com/blog/img/what-to-add-when-a-journal-page-feels-empty/page1.jpg,UPLOAD_THIS_all-other-articles_two-week-schedule.csv,UPLOAD_THIS_all-other-articles_two-week-schedule.csv,Historical CSV record; handoff status unknown,,No,,,,2026-08-22,2026-08-12
what-to-add-when-a-journal-page-feels-empty,https://sentimentalica.com/blog/what-to-add-when-a-journal-page-feels-empty.html,https://sentimentalica.com/blog/img/what-to-add-when-a-journal-page-feels-empty/page2.jpg,208_Forest_Books.csv,208_Forest_Books.csv | UPLOAD_THIS_all-other-articles_two-week-schedule.csv,Historical CSV record; handoff status unknown,,No,,,,2026-08-22,2026-08-12
what-to-add-when-a-journal-page-feels-empty,https://sentimentalica.com/blog/what-to-add-when-a-journal-page-feels-empty.html,https://sentimentalica.com/blog/img/what-to-add-when-a-journal-page-feels-empty/page3.jpg,213_Boho_Bloom.csv,213_Boho_Bloom.csv | UPLOAD_THIS_all-other-articles_two-week-schedule.csv,Historical CSV record; handoff status unknown,,No,,,,2026-08-22,2026-08-12
what-to-bring-home-from-vacation-for-your-junk-journal,https://sentimentalica.com/blog/what-to-bring-home-from-vacation-for-your-junk-journal.html,https://sentimentalica.com/blog/img/what-to-bring-home-from-vacation-for-your-junk-journal/gen1.jpg,179_Coral_Dance.csv,179_Coral_Dance.csv | UPLOAD_THIS_all-other-articles_two-week-schedule.csv,Historical CSV record; handoff status unknown,,No,,,,2026-08-24,2026-08-12
what-to-bring-home-from-vacation-for-your-junk-journal,https://sentimentalica.com/blog/what-to-bring-home-from-vacation-for-your-junk-journal.html,https://sentimentalica.com/blog/img/what-to-bring-home-from-vacation-for-your-junk-journal/gen2.jpg,179_Coral_Dance.csv,179_Coral_Dance.csv | UPLOAD_THIS_all-other-articles_two-week-schedule.csv,Historical CSV record; handoff status unknown,,No,,,,2026-08-24,2026-08-12
what-to-bring-home-from-vacation-for-your-junk-journal,https://sentimentalica.com/blog/what-to-bring-home-from-vacation-for-your-junk-journal.html,https://sentimentalica.com/blog/img/what-to-bring-home-from-vacation-for-your-junk-journal/gen3.jpg,179_Coral_Dance.csv,179_Coral_Dance.csv | UPLOAD_THIS_all-other-articles_two-week-schedule.csv,Historical CSV record; handoff status unknown,,No,,,,2026-08-24,2026-08-12
what-to-bring-home-from-vacation-for-your-junk-journal,https://sentimentalica.com/blog/what-to-bring-home-from-vacation-for-your-junk-journal.html,https://sentimentalica.com/blog/img/what-to-bring-home-from-vacation-for-your-junk-journal/page1.jpg,UPLOAD_THIS_all-other-articles_two-week-schedule.csv,UPLOAD_THIS_all-other-articles_two-week-schedule.csv,Historical CSV record; handoff status unknown,,No,,,,2026-08-24,2026-08-12
what-to-bring-home-from-vacation-for-your-junk-journal,https://sentimentalica.com/blog/what-to-bring-home-from-vacation-for-your-junk-journal.html,https://sentimentalica.com/blog/img/what-to-bring-home-from-vacation-for-your-junk-journal/page2.jpg,UPLOAD_THIS_all-other-articles_two-week-schedule.csv,UPLOAD_THIS_all-other-articles_two-week-schedule.csv,Historical CSV record; handoff status unknown,,No,,,,2026-08-24,2026-08-12
what-to-bring-home-from-vacation-for-your-junk-journal,https://sentimentalica.com/blog/what-to-bring-home-from-vacation-for-your-junk-journal.html,https://sentimentalica.com/blog/img/what-to-bring-home-from-vacation-for-your-junk-journal/page3.jpg,UPLOAD_THIS_all-other-articles_two-week-schedule.csv,UPLOAD_THIS_all-other-articles_two-week-schedule.csv,Historical CSV record; handoff status unknown,,No,,,,2026-08-24,2026-08-12
what-to-do-before-you-press-flowers-for-paper-crafts,https://sentimentalica.com/blog/what-to-do-before-you-press-flowers-for-paper-crafts.html,https://sentimentalica.com/blog/img/what-to-do-before-you-press-flowers-for-paper-crafts/scene.png,UPLOAD_THIS_11_articles_2026-08-29.csv,UPLOAD_THIS_11_articles_2026-08-29.csv,CSV provided to Ksenia; Pinterest upload not confirmed,2026-08-20,No,,,,2026-08-29,2026-08-20
what-to-put-in-a-memory-pocket,https://sentimentalica.com/blog/what-to-put-in-a-memory-pocket.html,https://sentimentalica.com/blog/img/what-to-put-in-a-memory-pocket/gen1-pinterest.jpg,UPLOAD_NOW_RETRY_14-scheduling-limit_2026-08-11.csv,UPLOAD_NOW_RETRY_14-scheduling-limit_2026-08-11.csv | UPLOAD_RETRY_14-corrected-image-files_2026-08-10.csv,Historical CSV record; handoff status unknown,,No,,,,2026-08-11,2026-08-12
what-to-put-in-a-memory-pocket,https://sentimentalica.com/blog/what-to-put-in-a-memory-pocket.html,https://sentimentalica.com/blog/img/what-to-put-in-a-memory-pocket/gen1.jpg,UPLOAD_THIS_all-other-articles_two-week-schedule.csv,UPLOAD_THIS_all-other-articles_two-week-schedule.csv,Historical CSV record; handoff status unknown,,No,,,,2026-08-11,2026-08-12
what-to-put-in-a-memory-pocket,https://sentimentalica.com/blog/what-to-put-in-a-memory-pocket.html,https://sentimentalica.com/blog/img/what-to-put-in-a-memory-pocket/gen2-pinterest.jpg,UPLOAD_NOW_RETRY_14-scheduling-limit_2026-08-11.csv,UPLOAD_NOW_RETRY_14-scheduling-limit_2026-08-11.csv | UPLOAD_RETRY_14-corrected-image-files_2026-08-10.csv,Historical CSV record; handoff status unknown,,No,,,,2026-08-11,2026-08-12
what-to-put-in-a-memory-pocket,https://sentimentalica.com/blog/what-to-put-in-a-memory-pocket.html,https://sentimentalica.com/blog/img/what-to-put-in-a-memory-pocket/gen2.jpg,UPLOAD_THIS_all-other-articles_two-week-schedule.csv,UPLOAD_THIS_all-other-articles_two-week-schedule.csv,Historical CSV record; handoff status unknown,,No,,,,2026-08-11,2026-08-12
what-to-save-from-a-summer-day-for-your-junk-journal,https://sentimentalica.com/blog/what-to-save-from-a-summer-day-for-your-junk-journal.html,https://sentimentalica.com/blog/img/what-to-save-from-a-summer-day-for-your-junk-journal/gen1.jpg,207_Trail_Maps.csv,207_Trail_Maps.csv | UPLOAD_THIS_all-other-articles_two-week-schedule.csv,Historical CSV record; handoff status unknown,,No,,,,2026-08-24,2026-08-12
what-to-save-from-a-summer-day-for-your-junk-journal,https://sentimentalica.com/blog/what-to-save-from-a-summer-day-for-your-junk-journal.html,https://sentimentalica.com/blog/img/what-to-save-from-a-summer-day-for-your-junk-journal/gen2.jpg,UPLOAD_THIS_all-other-articles_two-week-schedule.csv,UPLOAD_THIS_all-other-articles_two-week-schedule.csv,Historical CSV record; handoff status unknown,,No,,,,2026-08-24,2026-08-12
what-to-save-from-a-summer-day-for-your-junk-journal,https://sentimentalica.com/blog/what-to-save-from-a-summer-day-for-your-junk-journal.html,https://sentimentalica.com/blog/img/what-to-save-from-a-summer-day-for-your-junk-journal/gen3.jpg,UPLOAD_THIS_all-other-articles_two-week-schedule.csv,UPLOAD_THIS_all-other-articles_two-week-schedule.csv,Historical CSV record; handoff status unknown,,No,,,,2026-08-24,2026-08-12
wild-colors-junk-journal-ideas-for-playful-pages,https://sentimentalica.com/blog/wild-colors-junk-journal-ideas-for-playful-pages.html,https://sentimentalica.com/blog/img/wild-colors-junk-journal-ideas-for-playful-pages/gen1.jpg,114_Wild_Colors.csv,114_Wild_Colors.csv | UPLOAD_THIS_all-other-articles_two-week-schedule.csv,Historical CSV record; handoff status unknown,,No,,,,2026-07-22 | 2026-08-20,2026-08-12
wild-colors-junk-journal-ideas-for-playful-pages,https://sentimentalica.com/blog/wild-colors-junk-journal-ideas-for-playful-pages.html,https://sentimentalica.com/blog/img/wild-colors-junk-journal-ideas-for-playful-pages/gen2.jpg,UPLOAD_THIS_all-other-articles_two-week-schedule.csv,UPLOAD_THIS_all-other-articles_two-week-schedule.csv,Historical CSV record; handoff status unknown,,No,,,,2026-08-20,2026-08-12
wild-colors-junk-journal-ideas-for-playful-pages,https://sentimentalica.com/blog/wild-colors-junk-journal-ideas-for-playful-pages.html,https://sentimentalica.com/blog/img/wild-colors-junk-journal-ideas-for-playful-pages/gen3.jpg,UPLOAD_THIS_all-other-articles_two-week-schedule.csv,UPLOAD_THIS_all-other-articles_two-week-schedule.csv,Historical CSV record; handoff status unknown,,No,,,,2026-08-20,2026-08-12
wild-colors-junk-journal-ideas-for-playful-pages,https://sentimentalica.com/blog/wild-colors-junk-journal-ideas-for-playful-pages.html,https://sentimentalica.com/blog/img/wild-colors-junk-journal-ideas-for-playful-pages/gen4.jpg,114_Wild_Colors.csv,114_Wild_Colors.csv | UPLOAD_THIS_all-other-articles_two-week-schedule.csv,Historical CSV record; handoff status unknown,,No,,,,2026-07-23 | 2026-08-20,2026-08-12
wild-colors-junk-journal-ideas-for-playful-pages,https://sentimentalica.com/blog/wild-colors-junk-journal-ideas-for-playful-pages.html,https://sentimentalica.com/blog/img/wild-colors-junk-journal-ideas-for-playful-pages/gen5.jpg,114_Wild_Colors.csv,114_Wild_Colors.csv | UPLOAD_THIS_all-other-articles_two-week-schedule.csv,Historical CSV record; handoff status unknown,,No,,,,2026-07-24 | 2026-08-20,2026-08-12
wild-colors-junk-journal-ideas-for-playful-pages,https://sentimentalica.com/blog/wild-colors-junk-journal-ideas-for-playful-pages.html,https://sentimentalica.com/blog/img/wild-colors-junk-journal-ideas-for-playful-pages/page1.jpg,UPLOAD_THIS_all-other-articles_two-week-schedule.csv,UPLOAD_THIS_all-other-articles_two-week-schedule.csv,Historical CSV record; handoff status unknown,,No,,,,2026-08-20,2026-08-12
wild-colors-junk-journal-ideas-for-playful-pages,https://sentimentalica.com/blog/wild-colors-junk-journal-ideas-for-playful-pages.html,https://sentimentalica.com/blog/img/wild-colors-junk-journal-ideas-for-playful-pages/page2.jpg,UPLOAD_THIS_all-other-articles_two-week-schedule.csv,UPLOAD_THIS_all-other-articles_two-week-schedule.csv,Historical CSV record; handoff status unknown,,No,,,,2026-08-20,2026-08-12
wild-colors-junk-journal-ideas-for-playful-pages,https://sentimentalica.com/blog/wild-colors-junk-journal-ideas-for-playful-pages.html,https://sentimentalica.com/blog/img/wild-colors-junk-journal-ideas-for-playful-pages/page3.jpg,UPLOAD_THIS_all-other-articles_two-week-schedule.csv,UPLOAD_THIS_all-other-articles_two-week-schedule.csv,Historical CSV record; handoff status unknown,,No,,,,2026-08-20,2026-08-12
